"candidateId","shortlistIndex","fichaPezId","productionClassifierIndex","scientificName","sourceName","sourceItemId","sourceItemTitle","sourcePageUrl","mediaUrl","creator","proposedLicense","licenseUrl","rightsEvidence","recordType","fieldReferenceContext","sourceSessionGroupHint","labelReviewBurden","feasibilityDecision","rightsStatus","labelStatus","notes"
"pocv2f-wc-106910072-c0","0","XTLHUX6xHya0BOisyR6E","22","Ocyurus chrysurus","Wikimedia Commons","106910072","File:Ocyurus chrysurus Florida Keys.jpg","https://commons.wikimedia.org/wiki/?curid=106910072","https://upload.wikimedia.org/wikipedia/commons/6/68/Ocyurus_chrysurus_Florida_Keys.jpg?utm_source=commons.wikimedia.org&utm_campaign=imageinfo&utm_content=original","Zygy","CC0","http://creativecommons.org/publicdomain/zero/1.0/deed.en","Commons item extmetadata; exact file-page review still required","PHOTOGRAPH_CANDIDATE","OTHER","zygy__ocyurus-chrysurus-florida-keys","ENHANCED_REVIEW","EXCLUDE_PROHIBITED_ORIGIN","PENDING","PENDING","https://www.inaturalist.org/photos/109596062 Ocyurus chrysurus , Looe Key, Florida, USA"
"pocv2f-wc-139299560-c0","0","XTLHUX6xHya0BOisyR6E","22","Ocyurus chrysurus","Wikimedia Commons","139299560","File:Yellowtail Snapper Marker32 2010.jpg","https://commons.wikimedia.org/wiki/?curid=139299560","https://upload.wikimedia.org/wikipedia/commons/b/b1/Yellowtail_Snapper_Marker32_2010.jpg?utm_source=commons.wikimedia.org&utm_campaign=imageinfo&utm_content=original","Jstuby","CC0","http://creativecommons.org/publicdomain/zero/1.0/deed.en","Commons item extmetadata; exact file-page review still required","PHOTOGRAPH_CANDIDATE","NATURAL_UNDERWATER","jstuby__yellowtail-snapper-marker","ENHANCED_REVIEW","PLAUSIBLE","PENDING","PENDING","Own work Yellowtail Snapper ( Ocyurus chrysurus ) at Marker 32 reef in the Florida Keys."
"pocv2f-wc-139303035-c0","0","XTLHUX6xHya0BOisyR6E","22","Ocyurus chrysurus","Wikimedia Commons","139303035","File:Yellowtail Snappers Molasses Reef 1999.jpg","https://commons.wikimedia.org/wiki/?curid=139303035","https://upload.wikimedia.org/wikipedia/commons/1/10/Yellowtail_Snappers_Molasses_Reef_1999.jpg?utm_source=commons.wikimedia.org&utm_campaign=imageinfo&utm_content=original","Jstuby","CC0","http://creativecommons.org/publicdomain/zero/1.0/deed.en","Commons item extmetadata; exact file-page review still required","PHOTOGRAPH_CANDIDATE","NATURAL_UNDERWATER","jstuby__yellowtail-snappers-molasses-reef","ENHANCED_REVIEW","PLAUSIBLE","PENDING","PENDING","Own work Yellowtail Snappers ( Ocyurus chrysurus ) at Molasses Reef, Florida Keys."
"pocv2f-wc-139306957-c0","0","XTLHUX6xHya0BOisyR6E","22","Ocyurus chrysurus","Wikimedia Commons","139306957","File:Fish Snapper Ledge 20080310.jpg","https://commons.wikimedia.org/wiki/?curid=139306957","https://upload.wikimedia.org/wikipedia/commons/2/28/Fish_Snapper_Ledge_20080310.jpg?utm_source=commons.wikimedia.org&utm_campaign=imageinfo&utm_content=original","Jstuby","CC0","http://creativecommons.org/publicdomain/zero/1.0/deed.en","Commons item extmetadata; exact file-page review still required","PHOTOGRAPH_CANDIDATE","OTHER","jstuby__fish-snapper-ledge","ENHANCED_REVIEW","PLAUSIBLE","PENDING","PENDING","Own work Grunts ( Haemulon sciurus ) and Yellowtail Snappers ( Ocyurus chrysurus ), Snapper Ledge, Florida Keys."
"pocv2f-wc-139306958-c0","0","XTLHUX6xHya0BOisyR6E","22","Ocyurus chrysurus","Wikimedia Commons","139306958","File:Yellowtail Snappers Snapper Ledge 20080310.jpg","https://commons.wikimedia.org/wiki/?curid=139306958","https://upload.wikimedia.org/wikipedia/commons/4/49/Yellowtail_Snappers_Snapper_Ledge_20080310.jpg?utm_source=commons.wikimedia.org&utm_campaign=imageinfo&utm_content=original","Jstuby","CC0","http://creativecommons.org/publicdomain/zero/1.0/deed.en","Commons item extmetadata; exact file-page review still required","PHOTOGRAPH_CANDIDATE","OTHER","jstuby__yellowtail-snappers-snapper-ledge","ENHANCED_REVIEW","PLAUSIBLE","PENDING","PENDING","Own work Mostly Yellowtail Snappers ( Ocyurus chrysurus ), Snapper Ledge, Florida Keys."
"pocv2f-wc-142084842-c0","0","XTLHUX6xHya0BOisyR6E","22","Ocyurus chrysurus","Wikimedia Commons","142084842","File:Yellowtail Snapper and Barrel Sponge Alligator Reef 20230711.jpg","https://commons.wikimedia.org/wiki/?curid=142084842","https://upload.wikimedia.org/wikipedia/commons/4/46/Yellowtail_Snapper_and_Barrel_Sponge_Alligator_Reef_20230711.jpg?utm_source=commons.wikimedia.org&utm_campaign=imageinfo&utm_content=original","Jstuby","CC0","http://creativecommons.org/publicdomain/zero/1.0/deed.en","Commons item extmetadata; exact file-page review still required","PHOTOGRAPH_CANDIDATE","NATURAL_UNDERWATER","jstuby__yellowtail-snapper-and-barrel-sponge-alligator-reef","ENHANCED_REVIEW","PLAUSIBLE","PENDING","PENDING","Own work Yellowtail Snapper ( Ocyurus chrysurus ) and Barrel Sponge ( Xestospongia muta ), Alligator Reef, Florida Keys. The sponge is the same colony as shown in File:Barrel sponge Alligator Reef 20230711.jpg."
"pocv2f-wc-152444451-c0","0","XTLHUX6xHya0BOisyR6E","22","Ocyurus chrysurus","Wikimedia Commons","152444451","File:Fish- US and British Virgin Islands, CC BY-SA credit Kira Hammond.webm","https://commons.wikimedia.org/wiki/?curid=152444451","https://upload.wikimedia.org/wikipedia/commons/d/d1/Fish-_US_and_British_Virgin_Islands%2C_CC_BY-SA_credit_Kira_Hammond.webm?utm_source=commons.wikimedia.org&utm_campaign=imageinfo&utm_content=original","KiraClone","CC BY 3.0","https://creativecommons.org/licenses/by/3.0","Commons item extmetadata; exact file-page review still required","NON_PHOTO","NATURAL_UNDERWATER","kiraclone__fish-us-and-british-virgin-islands-cc-by-sa-credit-kira-hammond-webm","ENHANCED_REVIEW","EXCLUDE_NON_PHOTO","PENDING","PENDING","YouTube : Fish- US and British Virgin Islands, CC BY-SA credit Kira Hammond – View/save archived versions on archive.org Blue tang, Foureye butterflyfish, Yellowtail snapper, Stoplight parrotfish, Redband parrotfish, French grunt, Sergeant major, Brown chromis, Bar jack, Horse-Eye Jack, Longspine squirrelfish, Yellowtail damselfish, Sharpnose puffer, Trumpet Fish, Porcupine Fish. This is an excellent resource for identification: http://www.snorkelstj.com/fish_gallery.html Long-Spined Urchin, Box fire coral, Branching Fire Coral, Blade Fire Coral, Common Sea Fan, Spiny Sea Fan, Bent Sea Rod, Sea Plumes. Elkhorn Coral, Fused Staghorn, Boulder Brain Coral, Knobby Bran Coral. This is an excellent resource for identification: http://www.snorkelstj.com/coral_gallery.html"
"pocv2f-wc-152794021-c0","0","XTLHUX6xHya0BOisyR6E","22","Ocyurus chrysurus","Wikimedia Commons","152794021","File:Ocyurus chrysurus (FDA 051).jpg","https://commons.wikimedia.org/wiki/?curid=152794021","https://upload.wikimedia.org/wikipedia/commons/5/5e/Ocyurus_chrysurus_%28FDA_051%29.jpg?utm_source=commons.wikimedia.org&utm_campaign=imageinfo&utm_content=original","The U.S. Food and Drug Administration","Public domain","","Commons item extmetadata; exact file-page review still required","PHOTOGRAPH_CANDIDATE","FIELD_CAUGHT_HELD","the-u-s-food-and-drug-administration__ocyurus-chrysurus-fda","ENHANCED_REVIEW","EXCLUDE_NON_FIELD_ARTIFACT","PENDING","PENDING","https://www.flickr.com/photos/fdaphotos/51699924026/ The FDA Reference Standard Sequence Library for Seafood Identification (RSSL) is a collection of reference samples generated and maintained by the FDA and its collaborators for the identification of seafood marketed in the United States. The full metadata and associated DNA barcode sequences for these samples are available on the official RSSL website. These photos are free of all copyright restrictions. Photo credit to the U.S. Food and Drug Administration is appreciated. For more privacy and use information visit: www.flickr.com/people/fdaphotos/ FDA photo by J. Deeds"
"pocv2f-wc-1561062-c0","0","XTLHUX6xHya0BOisyR6E","22","Ocyurus chrysurus","Wikimedia Commons","1561062","File:Yellowtail snapper seen from Underwater Tunnel Atlantis.jpg","https://commons.wikimedia.org/wiki/?curid=1561062","https://upload.wikimedia.org/wikipedia/commons/f/fe/Yellowtail_snapper_seen_from_Underwater_Tunnel_Atlantis.jpg?utm_source=commons.wikimedia.org&utm_campaign=imageinfo&utm_content=original","Fred Hsu ( Wikipedia:User:Fredhsu on en.wikipedia )","CC BY-SA 3.0","http://creativecommons.org/licenses/by-sa/3.0/","Commons item extmetadata; exact file-page review still required","PHOTOGRAPH_CANDIDATE","NATURAL_UNDERWATER","fred-hsu-wikipedia-user-fredhsu-on-en-wikipedia__yellowtail-snapper-seen-from-underwater-tunnel-atlantis","ENHANCED_REVIEW","EXCLUDE_LICENSE","PENDING","PENDING","Photo taken and uploaded by user Yellowtail snapper (Ocyurus chrysurus) seen from underwater tunnel at Atlantis, Paradise Island , Nassau, Bahamas."
"pocv2f-wc-16032923-c0","0","XTLHUX6xHya0BOisyR6E","22","Ocyurus chrysurus","Wikimedia Commons","16032923","File:Cueva de tiburones.jpg","https://commons.wikimedia.org/wiki/?curid=16032923","https://upload.wikimedia.org/wikipedia/commons/7/7b/Cueva_de_tiburones.jpg?utm_source=commons.wikimedia.org&utm_campaign=imageinfo&utm_content=original","ImTurismo","CC0","http://creativecommons.org/publicdomain/zero/1.0/deed.en","Commons item extmetadata; exact file-page review still required","PHOTOGRAPH_CANDIDATE","OTHER","imturismo__cueva-de-tiburones","ENHANCED_REVIEW","EXCLUDE_NON_FIELD_ARTIFACT","PENDING","PENDING","Template:Fideicomiso Isla Mujeres Cueva de los tiburones dormidos"
"pocv2f-wc-17153958-c0","0","XTLHUX6xHya0BOisyR6E","22","Ocyurus chrysurus","Wikimedia Commons","17153958","File:Great barracuda and yellowtail snapper, Caribbean Sea 1989.jpg","https://commons.wikimedia.org/wiki/?curid=17153958","https://upload.wikimedia.org/wikipedia/commons/e/e6/Great_barracuda_and_yellowtail_snapper%2C_Caribbean_Sea_1989.jpg?utm_source=commons.wikimedia.org&utm_campaign=imageinfo&utm_content=original","Dr. Anthony R. Picciolo, NOAA NODC","Public domain","","Commons item extmetadata; exact file-page review still required","PHOTOGRAPH_CANDIDATE","NATURAL_UNDERWATER","dr-anthony-r-picciolo-noaa-nodc__great-barracuda-and-yellowtail-snapper-caribbean-sea","ENHANCED_REVIEW","PLAUSIBLE","PENDING","PENDING","http://www.photolib.noaa.gov/htmls/reef1508.htm Great barracuda - Sphyraena barracuda - and yellowtail snapper Ocyurus chrysurus Image ID: reef1508, NOAA's Coral Kingdom Collection Location: Caribbean Sea Photo Date: 1989 August Photographer: Dr. Anthony R. Picciolo, NOAA NODC Category: Coral Reefs/Reef fish/"
"pocv2f-wc-1792908-c0","0","XTLHUX6xHya0BOisyR6E","22","Ocyurus chrysurus","Wikimedia Commons","1792908","File:Diver at Hilma Hooker wreck.jpg","https://commons.wikimedia.org/wiki/?curid=1792908","https://upload.wikimedia.org/wikipedia/commons/4/44/Diver_at_Hilma_Hooker_wreck.jpg?utm_source=commons.wikimedia.org&utm_campaign=imageinfo&utm_content=original","Clark Anderson/Aquaimages","CC BY-SA 2.5","https://creativecommons.org/licenses/by-sa/2.5","Commons item extmetadata; exact file-page review still required","PHOTOGRAPH_CANDIDATE","NATURAL_UNDERWATER","clark-anderson-aquaimages__diver-at-hilma-hooker-wreck","ENHANCED_REVIEW","EXCLUDE_LICENSE","PENDING","PENDING","http://en.wikipedia.org/wiki/Image:6943_aquaimages.jpg Diver on the wreck of the Hilma Hooker , Bonaire ."
"pocv2f-wc-17936066-c0","0","XTLHUX6xHya0BOisyR6E","22","Ocyurus chrysurus","Wikimedia Commons","17936066","File:Expl2346 - Flickr - NOAA Photo Library.jpg","https://commons.wikimedia.org/wiki/?curid=17936066","https://upload.wikimedia.org/wikipedia/commons/4/4e/Expl2346_-_Flickr_-_NOAA_Photo_Library.jpg?utm_source=commons.wikimedia.org&utm_campaign=imageinfo&utm_content=original","Bioluminescence 2009 Expedition, NOAA/OER.","Public domain","","Commons item extmetadata; exact file-page review still required","PHOTOGRAPH_CANDIDATE","OTHER","bioluminescence-2009-expedition-noaa-oer__expl-flickr-noaa-photo-library","ENHANCED_REVIEW","PLAUSIBLE","PENDING","PENDING","NOAA Photo Library : expl2346 Nighttime fish sampling by hook and line. North Atlantic."
"pocv2f-wc-17936070-c0","0","XTLHUX6xHya0BOisyR6E","22","Ocyurus chrysurus","Wikimedia Commons","17936070","File:Expl2345 - Flickr - NOAA Photo Library.jpg","https://commons.wikimedia.org/wiki/?curid=17936070","https://upload.wikimedia.org/wikipedia/commons/6/62/Expl2345_-_Flickr_-_NOAA_Photo_Library.jpg?utm_source=commons.wikimedia.org&utm_campaign=imageinfo&utm_content=original","Bioluminescence 2009 Expedition, NOAA/OER.","Public domain","","Commons item extmetadata; exact file-page review still required","PHOTOGRAPH_CANDIDATE","OTHER","bioluminescence-2009-expedition-noaa-oer__expl-flickr-noaa-photo-library","ENHANCED_REVIEW","PLAUSIBLE","PENDING","PENDING","NOAA Photo Library : expl2345 Nighttime fish sampling by hook and line. North Atlantic."
"pocv2f-wc-194806531-c0","0","XTLHUX6xHya0BOisyR6E","22","Ocyurus chrysurus","Wikimedia Commons","194806531","File:Pargo canané (Ocyurus chrysurus), San Pedro, Belice, 2025-12-17, DD 74.jpg","https://commons.wikimedia.org/wiki/?curid=194806531","https://upload.wikimedia.org/wikipedia/commons/4/49/Pargo_canan%C3%A9_%28Ocyurus_chrysurus%29%2C_San_Pedro%2C_Belice%2C_2025-12-17%2C_DD_74.jpg?utm_source=commons.wikimedia.org&utm_campaign=imageinfo&utm_content=original","Diego Delso","CC BY-SA 4.0","https://creativecommons.org/licenses/by-sa/4.0","Commons item extmetadata; exact file-page review still required","PHOTOGRAPH_CANDIDATE","OTHER","diego-delso__pargo-canan-ocyurus-chrysurus-san-pedro-belice","ENHANCED_REVIEW","EXCLUDE_LICENSE","PENDING","PENDING","Own work Yellowtail snapper ( Ocyurus chrysurus ), San Pedro, Belize"
"pocv2f-wc-194806532-c0","0","XTLHUX6xHya0BOisyR6E","22","Ocyurus chrysurus","Wikimedia Commons","194806532","File:Pargo canané (Ocyurus chrysurus), San Pedro, Belice, 2025-12-17, DD 08.jpg","https://commons.wikimedia.org/wiki/?curid=194806532","https://upload.wikimedia.org/wikipedia/commons/c/c2/Pargo_canan%C3%A9_%28Ocyurus_chrysurus%29%2C_San_Pedro%2C_Belice%2C_2025-12-17%2C_DD_08.jpg?utm_source=commons.wikimedia.org&utm_campaign=imageinfo&utm_content=original","Diego Delso","CC BY-SA 4.0","https://creativecommons.org/licenses/by-sa/4.0","Commons item extmetadata; exact file-page review still required","PHOTOGRAPH_CANDIDATE","OTHER","diego-delso__pargo-canan-ocyurus-chrysurus-san-pedro-belice","ENHANCED_REVIEW","EXCLUDE_LICENSE","PENDING","PENDING","Own work Yellowtail snapper ( Ocyurus chrysurus ), San Pedro, Belize"
"pocv2f-wc-194806534-c0","0","XTLHUX6xHya0BOisyR6E","22","Ocyurus chrysurus","Wikimedia Commons","194806534","File:Pargo canané (Ocyurus chrysurus), San Pedro, Belice, 2025-12-17, DD 16.jpg","https://commons.wikimedia.org/wiki/?curid=194806534","https://upload.wikimedia.org/wikipedia/commons/6/64/Pargo_canan%C3%A9_%28Ocyurus_chrysurus%29%2C_San_Pedro%2C_Belice%2C_2025-12-17%2C_DD_16.jpg?utm_source=commons.wikimedia.org&utm_campaign=imageinfo&utm_content=original","Diego Delso","CC BY-SA 4.0","https://creativecommons.org/licenses/by-sa/4.0","Commons item extmetadata; exact file-page review still required","PHOTOGRAPH_CANDIDATE","OTHER","diego-delso__pargo-canan-ocyurus-chrysurus-san-pedro-belice","ENHANCED_REVIEW","EXCLUDE_LICENSE","PENDING","PENDING","Own work Yellowtail snapper ( Ocyurus chrysurus ), San Pedro, Belize"
"pocv2f-wc-194806536-c0","0","XTLHUX6xHya0BOisyR6E","22","Ocyurus chrysurus","Wikimedia Commons","194806536","File:Pargo canané (Ocyurus chrysurus), San Pedro, Belice, 2025-12-17, DD 119.jpg","https://commons.wikimedia.org/wiki/?curid=194806536","https://upload.wikimedia.org/wikipedia/commons/e/ea/Pargo_canan%C3%A9_%28Ocyurus_chrysurus%29%2C_San_Pedro%2C_Belice%2C_2025-12-17%2C_DD_119.jpg?utm_source=commons.wikimedia.org&utm_campaign=imageinfo&utm_content=original","Diego Delso","CC BY-SA 4.0","https://creativecommons.org/licenses/by-sa/4.0","Commons item extmetadata; exact file-page review still required","PHOTOGRAPH_CANDIDATE","OTHER","diego-delso__pargo-canan-ocyurus-chrysurus-san-pedro-belice","ENHANCED_REVIEW","EXCLUDE_LICENSE","PENDING","PENDING","Own work Yellowtail snapper ( Ocyurus chrysurus ), San Pedro, Belize"
"pocv2f-wc-194806537-c0","0","XTLHUX6xHya0BOisyR6E","22","Ocyurus chrysurus","Wikimedia Commons","194806537","File:Pargo canané (Ocyurus chrysurus), San Pedro, Belice, 2025-12-17, DD 75.jpg","https://commons.wikimedia.org/wiki/?curid=194806537","https://upload.wikimedia.org/wikipedia/commons/0/06/Pargo_canan%C3%A9_%28Ocyurus_chrysurus%29%2C_San_Pedro%2C_Belice%2C_2025-12-17%2C_DD_75.jpg?utm_source=commons.wikimedia.org&utm_campaign=imageinfo&utm_content=original","Diego Delso","CC BY-SA 4.0","https://creativecommons.org/licenses/by-sa/4.0","Commons item extmetadata; exact file-page review still required","PHOTOGRAPH_CANDIDATE","OTHER","diego-delso__pargo-canan-ocyurus-chrysurus-san-pedro-belice","ENHANCED_REVIEW","EXCLUDE_LICENSE","PENDING","PENDING","Own work Yellowtail snapper ( Ocyurus chrysurus ), San Pedro, Belize"
"pocv2f-wc-194806539-c0","0","XTLHUX6xHya0BOisyR6E","22","Ocyurus chrysurus","Wikimedia Commons","194806539","File:Pargo canané (Ocyurus chrysurus), San Pedro, Belice, 2025-12-18, DD 30.jpg","https://commons.wikimedia.org/wiki/?curid=194806539","https://upload.wikimedia.org/wikipedia/commons/f/fc/Pargo_canan%C3%A9_%28Ocyurus_chrysurus%29%2C_San_Pedro%2C_Belice%2C_2025-12-18%2C_DD_30.jpg?utm_source=commons.wikimedia.org&utm_campaign=imageinfo&utm_content=original","Diego Delso","CC BY-SA 4.0","https://creativecommons.org/licenses/by-sa/4.0","Commons item extmetadata; exact file-page review still required","PHOTOGRAPH_CANDIDATE","OTHER","diego-delso__pargo-canan-ocyurus-chrysurus-san-pedro-belice","ENHANCED_REVIEW","EXCLUDE_LICENSE","PENDING","PENDING","Own work Yellowtail snapper ( Ocyurus chrysurus ), San Pedro, Belize"
"pocv2f-wc-194806542-c0","0","XTLHUX6xHya0BOisyR6E","22","Ocyurus chrysurus","Wikimedia Commons","194806542","File:Pargo canané (Ocyurus chrysurus), San Pedro, Belice, 2025-12-18, DD 43.jpg","https://commons.wikimedia.org/wiki/?curid=194806542","https://upload.wikimedia.org/wikipedia/commons/8/8a/Pargo_canan%C3%A9_%28Ocyurus_chrysurus%29%2C_San_Pedro%2C_Belice%2C_2025-12-18%2C_DD_43.jpg?utm_source=commons.wikimedia.org&utm_campaign=imageinfo&utm_content=original","Diego Delso","CC BY-SA 4.0","https://creativecommons.org/licenses/by-sa/4.0","Commons item extmetadata; exact file-page review still required","PHOTOGRAPH_CANDIDATE","OTHER","diego-delso__pargo-canan-ocyurus-chrysurus-san-pedro-belice","ENHANCED_REVIEW","EXCLUDE_LICENSE","PENDING","PENDING","Own work Yellowtail snapper ( Ocyurus chrysurus ), San Pedro, Belize"
"pocv2f-wc-24405533-c0","0","XTLHUX6xHya0BOisyR6E","22","Ocyurus chrysurus","Wikimedia Commons","24405533","File:Yellsnapkeys.jpg","https://commons.wikimedia.org/wiki/?curid=24405533","https://upload.wikimedia.org/wikipedia/commons/8/89/Yellsnapkeys.jpg?utm_source=commons.wikimedia.org&utm_campaign=imageinfo&utm_content=original","Johnmartindavies","CC BY-SA 3.0","https://creativecommons.org/licenses/by-sa/3.0","Commons item extmetadata; exact file-page review still required","PHOTOGRAPH_CANDIDATE","NATURAL_UNDERWATER","johnmartindavies__yellsnapkeys","ENHANCED_REVIEW","EXCLUDE_LICENSE","PENDING","PENDING","Own work These Yellow Tail Snappers were photographed off the Florida Keys in 1981 amid healthy Elkhorn Coral. The snappers are stil fairly common on Cobblers Reef but all the Elkhorn is dead."
"pocv2f-wc-25298527-c0","0","XTLHUX6xHya0BOisyR6E","22","Ocyurus chrysurus","Wikimedia Commons","25298527","File:Yellowtail snapper Ocyurus chrysurus (3475245386).jpg","https://commons.wikimedia.org/wiki/?curid=25298527","https://upload.wikimedia.org/wikipedia/commons/8/83/Yellowtail_snapper_Ocyurus_chrysurus_%283475245386%29.jpg?utm_source=commons.wikimedia.org&utm_campaign=imageinfo&utm_content=original","Paul Asman and Jill Lenoble","CC BY 2.0","https://creativecommons.org/licenses/by/2.0","Commons item extmetadata; exact file-page review still required","PHOTOGRAPH_CANDIDATE","OTHER","paul-asman-and-jill-lenoble__yellowtail-snapper-ocyurus-chrysurus","ENHANCED_REVIEW","PLAUSIBLE","PENDING","PENDING","yellowtail snapper Ocyurus chrysurus Uploaded by Amada44 yellowtail snapper Ocyurus chrysurus"
"pocv2f-wc-25298530-c0","0","XTLHUX6xHya0BOisyR6E","22","Ocyurus chrysurus","Wikimedia Commons","25298530","File:Yellowtail snapper Ocyurus chrysurus (3475245084).jpg","https://commons.wikimedia.org/wiki/?curid=25298530","https://upload.wikimedia.org/wikipedia/commons/8/8f/Yellowtail_snapper_Ocyurus_chrysurus_%283475245084%29.jpg?utm_source=commons.wikimedia.org&utm_campaign=imageinfo&utm_content=original","Paul Asman and Jill Lenoble","CC BY 2.0","https://creativecommons.org/licenses/by/2.0","Commons item extmetadata; exact file-page review still required","PHOTOGRAPH_CANDIDATE","NATURAL_UNDERWATER","paul-asman-and-jill-lenoble__yellowtail-snapper-ocyurus-chrysurus","ENHANCED_REVIEW","PLAUSIBLE","PENDING","PENDING","yellowtail snapper Ocyurus chrysurus Uploaded by Amada44 with caribbean reef squid Sepioteuthis sepioidea"
"pocv2f-wc-33631263-c0","0","XTLHUX6xHya0BOisyR6E","22","Ocyurus chrysurus","Wikimedia Commons","33631263","File:Gfp-yellowtail-snapper.jpg","https://commons.wikimedia.org/wiki/?curid=33631263","https://upload.wikimedia.org/wikipedia/commons/5/51/Gfp-yellowtail-snapper.jpg?utm_source=commons.wikimedia.org&utm_campaign=imageinfo&utm_content=original","Yinan Chen","Public Domain","https://web.archive.org/web/20230926203737/https://creativecommons.org/licenses/publicdomain/","Commons item extmetadata; exact file-page review still required","PHOTOGRAPH_CANDIDATE","OTHER","yinan-chen__gfp-yellowtail-snapper","ENHANCED_REVIEW","PLAUSIBLE","PENDING","PENDING","www.goodfreephotos.com ( gallery , image ) Different types of fishes Common marine fish with a yellow forked tail. Ocyurus chrysurus."
"pocv2f-wc-34548668-c0","0","XTLHUX6xHya0BOisyR6E","22","Ocyurus chrysurus","Wikimedia Commons","34548668","File:Bloch - Ocyurus chrysurus.jpg","https://commons.wikimedia.org/wiki/?curid=34548668","https://upload.wikimedia.org/wikipedia/commons/a/ac/Bloch_-_Ocyurus_chrysurus.jpg?utm_source=commons.wikimedia.org&utm_campaign=imageinfo&utm_content=original","Marcus Elieser Bloch","Public domain","","Commons item extmetadata; exact file-page review still required","PHOTOGRAPH_CANDIDATE","OTHER","marcus-elieser-bloch__bloch-ocyurus-chrysurus","ENHANCED_REVIEW","EXCLUDE_NON_FIELD_ARTIFACT","PENDING","PENDING","http://www.dedi.si/dediscina/331-bakrorez-s-kirnjico-iz-blochovega-splosnega-prirodopisa-rib Ocyurus chrysurus , as depicted by Marcus Elieser Bloch in his book Allgemeine Naturgeschichte der Fische (table 262). The shown depiction is kept by the Slovene Academy of Sciences and Arts."
"pocv2f-wc-36365438-c0","0","XTLHUX6xHya0BOisyR6E","22","Ocyurus chrysurus","Wikimedia Commons","36365438","File:Ocyurus chrysurus.jpg","https://commons.wikimedia.org/wiki/?curid=36365438","https://upload.wikimedia.org/wikipedia/commons/1/18/Ocyurus_chrysurus.jpg?utm_source=commons.wikimedia.org&utm_campaign=imageinfo&utm_content=original","Dr. Dwayne Meadows, NOAA","Public domain","","Commons item extmetadata; exact file-page review still required","PHOTOGRAPH_CANDIDATE","OTHER","dr-dwayne-meadows-noaa__ocyurus-chrysurus","ENHANCED_REVIEW","PLAUSIBLE","PENDING","PENDING","https://www.flickr.com/photos/noaaphotolib/9730781631/in/set-72157635500134450/ Ocyurus chrysurus, Caribe, 2013"
"pocv2f-wc-42364290-c0","0","XTLHUX6xHya0BOisyR6E","22","Ocyurus chrysurus","Wikimedia Commons","42364290","File:FMIB 33932 Ocyurus Chrysurus (Bloch).jpeg","https://commons.wikimedia.org/wiki/?curid=42364290","https://upload.wikimedia.org/wikipedia/commons/4/4e/FMIB_33932_Ocyurus_Chrysurus_%28Bloch%29.jpeg?utm_source=commons.wikimedia.org&utm_campaign=imageinfo&utm_content=original","David Starr Jordan","Public domain","","Commons item extmetadata; exact file-page review still required","PHOTOGRAPH_CANDIDATE","OTHER","david-starr-jordan__fmib-ocyurus-chrysurus-bloch","ENHANCED_REVIEW","EXCLUDE_NON_FIELD_ARTIFACT","PENDING","PENDING","Jordan, David Starr (1893) Review of the Sparoid Fishes of America and Europe , Report of the Commissioner (United States Commission of Fish and Fisheries), 1889-1891, Washington, D.C. : Government Printing Office Ocyurus Chrysurus (Bloch) Yellow-Tail Snapper or Rabirubia Subject: Lutjanidae, Snapper Tag: Fish"
"pocv2f-wc-42390251-c0","0","XTLHUX6xHya0BOisyR6E","22","Ocyurus chrysurus","Wikimedia Commons","42390251","File:FMIB 36058 Mesoprion Chrysurus (Golden-tailed Mesoprion).jpeg","https://commons.wikimedia.org/wiki/?curid=42390251","https://upload.wikimedia.org/wikipedia/commons/6/64/FMIB_36058_Mesoprion_Chrysurus_%28Golden-tailed_Mesoprion%29.jpeg?utm_source=commons.wikimedia.org&utm_campaign=imageinfo&utm_content=original","Sir William Jardine, 7th Baronet","Public domain","","Commons item extmetadata; exact file-page review still required","PHOTOGRAPH_CANDIDATE","OTHER","sir-william-jardine-7th-baronet__fmib-mesoprion-chrysurus-golden-tailed-mesoprion","ENHANCED_REVIEW","EXCLUDE_NON_FIELD_ARTIFACT","PENDING","PENDING","Jardine, William (1843) Fishes of the Perch Family , Naturalist's Library, vol. XXXVIII, Edinburgh, Scotland: W. H. Lizars Mesoprion Chrysurus (Golden-tailed Mesoprion) Subject: Perch, Mesoprion Tag: Fish"
"pocv2f-wc-42684404-c0","0","XTLHUX6xHya0BOisyR6E","22","Ocyurus chrysurus","Wikimedia Commons","42684404","File:FMIB 37668 Yellow-tail (Ocyurus chrysurus).jpeg","https://commons.wikimedia.org/wiki/?curid=42684404","https://upload.wikimedia.org/wikipedia/commons/1/1d/FMIB_37668_Yellow-tail_%28Ocyurus_chrysurus%29.jpeg?utm_source=commons.wikimedia.org&utm_campaign=imageinfo&utm_content=original","William Charles Schroeder","Public domain","","Commons item extmetadata; exact file-page review still required","PHOTOGRAPH_CANDIDATE","OTHER","william-charles-schroeder__fmib-yellow-tail-ocyurus-chrysurus","ENHANCED_REVIEW","EXCLUDE_NON_FIELD_ARTIFACT","PENDING","PENDING","Schroeder, William C. (1924) Fisheries of Key West and the Clam Industry of Southern Florida , Report of the United States Commissioner of Fisheries for the Fiscal Year 1923 with Appendices, Washington, D.C. : Government Printing Office Yellow-tail (Ocyurus chrysurus) Subject: Lutjanidae Tag: Fish"
"pocv2f-wc-42722111-c0","0","XTLHUX6xHya0BOisyR6E","22","Ocyurus chrysurus","Wikimedia Commons","42722111","File:D. Marcus Elieser Bloch's, ausübenden Arztes zu Berlin ... Oeconomische Naturgeschichte der Fische Deutschlands (20877113625).jpg","https://commons.wikimedia.org/wiki/?curid=42722111","https://upload.wikimedia.org/wikipedia/commons/b/b4/D._Marcus_Elieser_Bloch%27s%2C_aus%C3%BCbenden_Arztes_zu_Berlin_..._Oeconomische_Naturgeschichte_der_Fische_Deutschlands_%2820877113625%29.jpg?utm_source=commons.wikimedia.org&utm_campaign=imageinfo&utm_content=original","Berger, Daniel; Berger, F. G.; Bloch, Marcus Elieser; Bodenehr, G.; Bodenehr, George; Buchhandlung der Realschule; Darchow, C.; Gursch, C. F.; Hesse; Krüger; Rosenberg, F. C. W.; Schmidt, A. F.; Schmidt, F. G.; Schmidt, Friedrich Wilhelm; Schmidt, Johann Gottlieb; Schmidt, Ludwig","Public domain","","Commons item extmetadata; exact file-page review still required","PHOTOGRAPH_CANDIDATE","OTHER","berger-daniel-berger-f-g-bloch-marcus-elieser-bodenehr-g-bodenehr-george-buchhandlung-der-realschule-darchow-c-gursch-c-f-hesse-kr-ger-rosenberg-f-c-w-schmidt-a-f-schmidt-f-g-schmidt-friedrich-wilhelm-schmidt-johann-gottlieb-schmidt-ludwig__d-marcus-elieser-bloch-s-aus-benden-arztes-zu-berlin-oeconomische-naturgeschichte-der-fische-deutschlands","ENHANCED_REVIEW","EXCLUDE_NON_FIELD_ARTIFACT","PENDING","PENDING","https://www.flickr.com/photos/biodivlibrary/20877113625 D. Marcus Elieser Bloch's, ausübenden Arztes zu Berlin ... Oeconomische Naturgeschichte der Fische Deutschlands ..."
"pocv2f-wc-42792040-c0","0","XTLHUX6xHya0BOisyR6E","22","Ocyurus chrysurus","Wikimedia Commons","42792040","File:FMIB 38128 Ocyurus chrysurus (Bloch) Yellow-tail; Rabirubia; Colorubia.jpeg","https://commons.wikimedia.org/wiki/?curid=42792040","https://upload.wikimedia.org/wikipedia/commons/0/05/FMIB_38128_Ocyurus_chrysurus_%28Bloch%29_Yellow-tail%3B_Rabirubia%3B_Colorubia.jpeg?utm_source=commons.wikimedia.org&utm_campaign=imageinfo&utm_content=original","Barton Warren Evermann / Millard Caleb Marsh","Public domain","","Commons item extmetadata; exact file-page review still required","PHOTOGRAPH_CANDIDATE","OTHER","barton-warren-evermann-millard-caleb-marsh__fmib-ocyurus-chrysurus-bloch-yellow-tail-rabirubia-colorubia","ENHANCED_REVIEW","EXCLUDE_NON_FIELD_ARTIFACT","PENDING","PENDING","Everman, Barton W .; Marsh, Millard C. (1902) Fishes of Porto Rico , Bulletin of the United States Fish Commission, v.20, pt.1, for 1900, Washington, D.C. : Government Printing Office Ocyurus chrysurus (Bloch). Yellow-tail; Rabirubia; Colorubia Subject: Lutjanidae, Osteichthyes Tag: Fish"
"pocv2f-wc-4296454-c0","0","XTLHUX6xHya0BOisyR6E","22","Ocyurus chrysurus","Wikimedia Commons","4296454","File:RMS Rhone 2003 3.jpg","https://commons.wikimedia.org/wiki/?curid=4296454","https://upload.wikimedia.org/wikipedia/commons/8/8a/RMS_Rhone_2003_3.jpg?utm_source=commons.wikimedia.org&utm_campaign=imageinfo&utm_content=original","Gareth Richards","CC BY-SA 3.0","https://creativecommons.org/licenses/by-sa/3.0","Commons item extmetadata; exact file-page review still required","PHOTOGRAPH_CANDIDATE","OTHER","gareth-richards__rms-rhone","ENHANCED_REVIEW","EXCLUDE_LICENSE","PENDING","PENDING","Own work Wreck of the RMS Rhone, British Virgin Islands"
"pocv2f-wc-43021810-c0","0","XTLHUX6xHya0BOisyR6E","22","Ocyurus chrysurus","Wikimedia Commons","43021810","File:FMIB 52013 Yellow-tail Snapper, Ocyurus chrysurus (Linnaeus) Key West.jpeg","https://commons.wikimedia.org/wiki/?curid=43021810","https://upload.wikimedia.org/wikipedia/commons/2/24/FMIB_52013_Yellow-tail_Snapper%2C_Ocyurus_chrysurus_%28Linnaeus%29_Key_West.jpeg?utm_source=commons.wikimedia.org&utm_campaign=imageinfo&utm_content=original","David Starr Jordan","Public domain","","Commons item extmetadata; exact file-page review still required","PHOTOGRAPH_CANDIDATE","OTHER","david-starr-jordan__fmib-yellow-tail-snapper-ocyurus-chrysurus-linnaeus-key-west","ENHANCED_REVIEW","EXCLUDE_NON_FIELD_ARTIFACT","PENDING","PENDING","Jordan, David Starr (1907) Fishes , New York City, NY: Henry Holt and Company Yellow-tail Snapper, Ocyurus chrysurus (Linnaeus). Key West Subject: Lutjanidae Tag: Fish"
"pocv2f-wc-43057445-c0","0","XTLHUX6xHya0BOisyR6E","22","Ocyurus chrysurus","Wikimedia Commons","43057445","File:Histoire naturelle des poissons (Pl. 40) (7949929604).jpg","https://commons.wikimedia.org/wiki/?curid=43057445","https://upload.wikimedia.org/wikipedia/commons/8/8c/Histoire_naturelle_des_poissons_%28Pl._40%29_%287949929604%29.jpg?utm_source=commons.wikimedia.org&utm_campaign=imageinfo&utm_content=original","Buffon, Georges Louis Leclerc; Cuvier, Georges; Valenciennes","Public domain","","Commons item extmetadata; exact file-page review still required","PHOTOGRAPH_CANDIDATE","OTHER","buffon-georges-louis-leclerc-cuvier-georges-valenciennes__histoire-naturelle-des-poissons-pl","ENHANCED_REVIEW","EXCLUDE_NON_FIELD_ARTIFACT","PENDING","PENDING","https://www.flickr.com/photos/biodivlibrary/7949929604 Histoire naturelle des poissons / par m. le bon Cuvier ... et par M. Valenciennes."
"pocv2f-wc-44561387-c0","0","XTLHUX6xHya0BOisyR6E","22","Ocyurus chrysurus","Wikimedia Commons","44561387","File:American food and game fishes (Plate (53)) BHL8309053.jpg","https://commons.wikimedia.org/wiki/?curid=44561387","https://upload.wikimedia.org/wikipedia/commons/b/b6/American_food_and_game_fishes_%28Plate_%2853%29%29_BHL8309053.jpg?utm_source=commons.wikimedia.org&utm_campaign=imageinfo&utm_content=original","Dugmore, A. Radclyffe; Evermann, Barton Warren; Jordan, David Starr","Public domain","","Commons item extmetadata; exact file-page review still required","PHOTOGRAPH_CANDIDATE","OTHER","dugmore-a-radclyffe-evermann-barton-warren-jordan-david-starr__american-food-and-game-fishes-plate-bhl","ENHANCED_REVIEW","EXCLUDE_NON_FIELD_ARTIFACT","PENDING","PENDING","https://www.biodiversitylibrary.org/pageimage/8309053 American food and game fishes : a popular account of all the species found in America north of the Equator, with keys for ready identification, life histories and methods of capture / by David Starr Jordan and Barton Warren Evermann ; illustrated with colored plates and text drawings, and with photographs from life by A. Radclyffe Dugmore."
"pocv2f-wc-4518172-c0","0","XTLHUX6xHya0BOisyR6E","22","Ocyurus chrysurus","Wikimedia Commons","4518172","File:Florida-aquarium-tampa.jpg","https://commons.wikimedia.org/wiki/?curid=4518172","https://upload.wikimedia.org/wikipedia/commons/8/88/Florida-aquarium-tampa.jpg?utm_source=commons.wikimedia.org&utm_campaign=imageinfo&utm_content=original","adobemac","CC BY-SA 2.0","https://creativecommons.org/licenses/by-sa/2.0","Commons item extmetadata; exact file-page review still required","PHOTOGRAPH_CANDIDATE","AQUARIUM","adobemac__florida-aquarium-tampa","ENHANCED_REVIEW","EXCLUDE_LICENSE","PENDING","PENDING","https://www.flickr.com/photos/adobemac/473762716/ Florida Aquarium in Tampa, Florida"
"pocv2f-wc-54937738-c0","0","XTLHUX6xHya0BOisyR6E","22","Ocyurus chrysurus","Wikimedia Commons","54937738","File:Mesoprion chrysurus - - Print - Iconographia Zoologica - Special Collections University of Amsterdam - UBA01 IZ12900293.tif","https://commons.wikimedia.org/wiki/?curid=54937738","https://upload.wikimedia.org/wikipedia/commons/b/be/Mesoprion_chrysurus_-_-_Print_-_Iconographia_Zoologica_-_Special_Collections_University_of_Amsterdam_-_UBA01_IZ12900293.tif?utm_source=commons.wikimedia.org&utm_campaign=imageinfo&utm_content=original","","Public domain","","Commons item extmetadata; exact file-page review still required","PHOTOGRAPH_CANDIDATE","AQUARIUM","unknown__mesoprion-chrysurus-print-iconographia-zoologica-special-collections-university-of-amsterdam-uba-iz","ENHANCED_REVIEW","EXCLUDE_NON_FIELD_ARTIFACT","PENDING","PENDING","Iconographia Zoologica Mesoprion chrysurus"
"pocv2f-wc-54937741-c0","0","XTLHUX6xHya0BOisyR6E","22","Ocyurus chrysurus","Wikimedia Commons","54937741","File:Mesoprion chrysurus - 1829 - Print - Iconographia Zoologica - Special Collections University of Amsterdam - UBA01 IZ12900291.tif","https://commons.wikimedia.org/wiki/?curid=54937741","https://upload.wikimedia.org/wikipedia/commons/8/8c/Mesoprion_chrysurus_-_1829_-_Print_-_Iconographia_Zoologica_-_Special_Collections_University_of_Amsterdam_-_UBA01_IZ12900291.tif?utm_source=commons.wikimedia.org&utm_campaign=imageinfo&utm_content=original","","Public domain","","Commons item extmetadata; exact file-page review still required","PHOTOGRAPH_CANDIDATE","AQUARIUM","unknown__mesoprion-chrysurus-print-iconographia-zoologica-special-collections-university-of-amsterdam-uba-iz","ENHANCED_REVIEW","EXCLUDE_NON_FIELD_ARTIFACT","PENDING","PENDING","Spix, Selecta genera et species piscium, quos in itinere per Brasiliam annos 1817-1820, tab. LXVI Mesoprion chrysurus"
"pocv2f-wc-54937743-c0","0","XTLHUX6xHya0BOisyR6E","22","Ocyurus chrysurus","Wikimedia Commons","54937743","File:Mesoprion chrysurus - 1774-1804 - Print - Iconographia Zoologica - Special Collections University of Amsterdam - UBA01 IZ12900294.tif","https://commons.wikimedia.org/wiki/?curid=54937743","https://upload.wikimedia.org/wikipedia/commons/6/63/Mesoprion_chrysurus_-_1774-1804_-_Print_-_Iconographia_Zoologica_-_Special_Collections_University_of_Amsterdam_-_UBA01_IZ12900294.tif?utm_source=commons.wikimedia.org&utm_campaign=imageinfo&utm_content=original","","Public domain","","Commons item extmetadata; exact file-page review still required","PHOTOGRAPH_CANDIDATE","AQUARIUM","unknown__mesoprion-chrysurus-print-iconographia-zoologica-special-collections-university-of-amsterdam-uba-iz","ENHANCED_REVIEW","EXCLUDE_NON_FIELD_ARTIFACT","PENDING","PENDING","Bloch pl. 262 Mesoprion chrysurus"
"pocv2f-wc-61868595-c0","0","XTLHUX6xHya0BOisyR6E","22","Ocyurus chrysurus","Wikimedia Commons","61868595","File:Yellowtail Snapper (Ocyurus chrysurus) (35855753524).jpg","https://commons.wikimedia.org/wiki/?curid=61868595","https://upload.wikimedia.org/wikipedia/commons/5/57/Yellowtail_Snapper_%28Ocyurus_chrysurus%29_%2835855753524%29.jpg?utm_source=commons.wikimedia.org&utm_campaign=imageinfo&utm_content=original","Bernard DUPONT from FRANCE","CC BY-SA 2.0","https://creativecommons.org/licenses/by-sa/2.0","Commons item extmetadata; exact file-page review still required","PHOTOGRAPH_CANDIDATE","OTHER","bernard-dupont-from-france__yellowtail-snapper-ocyurus-chrysurus","ENHANCED_REVIEW","EXCLUDE_LICENSE","PENDING","PENDING","Yellowtail Snapper (Ocyurus chrysurus) Shark Ray Alley, Caye Caulker, BELIZE Scanned Slide from March 1995"
"pocv2f-wc-6564204-c0","0","XTLHUX6xHya0BOisyR6E","22","Ocyurus chrysurus","Wikimedia Commons","6564204","File:ARMS 014A.jpg","https://commons.wikimedia.org/wiki/?curid=6564204","https://upload.wikimedia.org/wikipedia/commons/1/14/ARMS_014A.jpg?utm_source=commons.wikimedia.org&utm_campaign=imageinfo&utm_content=original","Laiduan uk","Public domain","","Commons item extmetadata; exact file-page review still required","PHOTOGRAPH_CANDIDATE","OTHER","laiduan-uk__arms-a","ENHANCED_REVIEW","PLAUSIBLE","PENDING","PENDING","Own work Yellowtail snapper ( Ocyurus chrysurus ) at RMS Rohne Wreck off the British Virgin Islands, Caribbean."
"pocv2f-wc-7097659-c0","0","XTLHUX6xHya0BOisyR6E","22","Ocyurus chrysurus","Wikimedia Commons","7097659","File:2006-10-06 18 - Yellowtail Snapper.JPG","https://commons.wikimedia.org/wiki/?curid=7097659","https://upload.wikimedia.org/wikipedia/commons/6/62/2006-10-06_18_-_Yellowtail_Snapper.JPG?utm_source=commons.wikimedia.org&utm_campaign=imageinfo&utm_content=original","Transity","CC BY-SA 3.0","https://creativecommons.org/licenses/by-sa/3.0","Commons item extmetadata; exact file-page review still required","PHOTOGRAPH_CANDIDATE","NATURAL_UNDERWATER","transity__yellowtail-snapper","ENHANCED_REVIEW","EXCLUDE_LICENSE","PENDING","PENDING","Own work Underwater photo of a Yellowtail Snapper ( Ocyurus chrysurus )."
"pocv2f-wc-71275572-c0","0","XTLHUX6xHya0BOisyR6E","22","Ocyurus chrysurus","Wikimedia Commons","71275572","File:Ocyurus chrysurus - yellowtail snapper - Bay of Pigs - Cuba.jpg","https://commons.wikimedia.org/wiki/?curid=71275572","https://upload.wikimedia.org/wikipedia/commons/0/0f/Ocyurus_chrysurus_-_yellowtail_snapper_-_Bay_of_Pigs_-_Cuba.jpg?utm_source=commons.wikimedia.org&utm_campaign=imageinfo&utm_content=original","Tisquesusa","CC BY 4.0","https://creativecommons.org/licenses/by/4.0","Commons item extmetadata; exact file-page review still required","PHOTOGRAPH_CANDIDATE","OTHER","tisquesusa__ocyurus-chrysurus-yellowtail-snapper-bay-of-pigs-cuba","ENHANCED_REVIEW","PLAUSIBLE","PENDING","PENDING","Own work Ocyurus chrysurus - yellowtail snapper - Bay of Pigs - Cuba"
"pocv2f-wc-71294497-c0","0","XTLHUX6xHya0BOisyR6E","22","Ocyurus chrysurus","Wikimedia Commons","71294497","File:Gorgonia ventalina - purple sea fan - Ocyurus chrysurus - yellowtail snapper and Abudefduf saxatilis - sergeant major - Punta Cana - Dominican Republic.jpg","https://commons.wikimedia.org/wiki/?curid=71294497","https://upload.wikimedia.org/wikipedia/commons/8/8f/Gorgonia_ventalina_-_purple_sea_fan_-_Ocyurus_chrysurus_-_yellowtail_snapper_and_Abudefduf_saxatilis_-_sergeant_major_-_Punta_Cana_-_Dominican_Republic.jpg?utm_source=commons.wikimedia.org&utm_campaign=imageinfo&utm_content=original","Tisquesusa","CC BY 4.0","https://creativecommons.org/licenses/by/4.0","Commons item extmetadata; exact file-page review still required","PHOTOGRAPH_CANDIDATE","OTHER","tisquesusa__gorgonia-ventalina-purple-sea-fan-ocyurus-chrysurus-yellowtail-snapper-and-abudefduf-saxatilis-sergeant-major-punta-cana-dominican-republic","ENHANCED_REVIEW","PLAUSIBLE","PENDING","PENDING","Own work Gorgonia ventalina - purple sea fan - Ocyurus chrysurus - yellowtail snapper and Abudefduf saxatilis - sergeant major - Punta Cana - Dominican Republic"
"pocv2f-wc-74167718-c0","0","XTLHUX6xHya0BOisyR6E","22","Ocyurus chrysurus","Wikimedia Commons","74167718","File:2015 11 Bahamas Trip (133350617).jpeg","https://commons.wikimedia.org/wiki/?curid=74167718","https://upload.wikimedia.org/wikipedia/commons/2/2a/2015_11_Bahamas_Trip_%28133350617%29.jpeg?utm_source=commons.wikimedia.org&utm_campaign=imageinfo&utm_content=original","Shamarcus Grayson","CC BY 3.0","https://creativecommons.org/licenses/by/3.0","Commons item extmetadata; exact file-page review still required","PHOTOGRAPH_CANDIDATE","NATURAL_UNDERWATER","shamarcus-grayson__bahamas-trip","ENHANCED_REVIEW","PLAUSIBLE","PENDING","PENDING","Imported from 500px ( archived version ) by the Archive Team . ( detail page ) 500px provided description: Fun trip to the Bahamas [#Nassau Bahamas ,#Vacation ,#Self Portrait ,#Atlantis ,#Paradise Island ,#Scuba ,#The Cove ,#Harbourside Resort ,#New Providence Bahamas]"
"pocv2f-wc-95411769-c0","0","XTLHUX6xHya0BOisyR6E","22","Ocyurus chrysurus","Wikimedia Commons","95411769","File:FKNMS - Catlin in FKNMS (27243126165).jpg","https://commons.wikimedia.org/wiki/?curid=95411769","https://upload.wikimedia.org/wikipedia/commons/a/af/FKNMS_-_Catlin_in_FKNMS_%2827243126165%29.jpg?utm_source=commons.wikimedia.org&utm_campaign=imageinfo&utm_content=original","National Marine Sanctuaries","Public domain","","Commons item extmetadata; exact file-page review still required","PHOTOGRAPH_CANDIDATE","NATURAL_UNDERWATER","national-marine-sanctuaries__fknms-catlin-in-fknms","ENHANCED_REVIEW","PLAUSIBLE","PENDING","PENDING","FKNMS - Catlin in FKNMS Mitchell Tartt (ONMS HQ) creates 360-degree images with the help of Catlin Seaview Survey and their unique tripod camera system. The camera captured images of the coral reefs in Florida Keys National Marine Sanctuary, to create a panoramic, 360 degree view of the sanctuary. For more information and to view these amazing photos, visit http://go.usa.gov/3j6Ck Photo Credit: Emma Hickerson/NOAA"
"pocv2f-wc-10333908-c1","1","Hjr9sFSdUEW1RVpR09mV","7","Lactophrys quadricornis","Wikimedia Commons","10333908","File:BLW Coffer Fish.jpg","https://commons.wikimedia.org/wiki/?curid=10333908","https://upload.wikimedia.org/wikipedia/commons/0/08/BLW_Coffer_Fish.jpg?utm_source=commons.wikimedia.org&utm_campaign=imageinfo&utm_content=original","David Jackson","CC BY-SA 2.0 uk","https://creativecommons.org/licenses/by-sa/2.0/uk/deed.en","Commons item extmetadata; exact file-page review still required","PHOTOGRAPH_CANDIDATE","OTHER","david-jackson__blw-coffer-fish","ENHANCED_REVIEW","EXCLUDE_LICENSE","PENDING","PENDING","Originally uploaded at http://www.britainloveswikipedia.org/ Coffer-Fish; Ostracion triqueter and O. quadricornis"
"pocv2f-wc-11245348-c1","1","Hjr9sFSdUEW1RVpR09mV","7","Lactophrys quadricornis","Wikimedia Commons","11245348","File:Acanthostracion quadricornis by NOAA.jpg","https://commons.wikimedia.org/wiki/?curid=11245348","https://upload.wikimedia.org/wikipedia/commons/b/b5/Acanthostracion_quadricornis_by_NOAA.jpg?utm_source=commons.wikimedia.org&utm_campaign=imageinfo&utm_content=original","NURC/UNCW and NOAA/FGBNMS","Public domain","","Commons item extmetadata; exact file-page review still required","PHOTOGRAPH_CANDIDATE","OTHER","nurc-uncw-and-noaa-fgbnms__acanthostracion-quadricornis-by-noaa","ENHANCED_REVIEW","PLAUSIBLE","PENDING","PENDING","NOAA Photo Library Acanthostracion quadricornis Gulf of Mexico, McGrail Bank"
"pocv2f-wc-14659862-c1","1","Hjr9sFSdUEW1RVpR09mV","7","Lactophrys quadricornis","Wikimedia Commons","14659862","File:Acanthostracion quadricornis juvenile.jpg","https://commons.wikimedia.org/wiki/?curid=14659862","https://upload.wikimedia.org/wikipedia/commons/d/d2/Acanthostracion_quadricornis_juvenile.jpg?utm_source=commons.wikimedia.org&utm_campaign=imageinfo&utm_content=original","NOAA/NMFS/SEFSC Pascagoula Laboratory; Collection of Brandi Noble, NOAA/NMFS/SEFSC","Public domain","","Commons item extmetadata; exact file-page review still required","PHOTOGRAPH_CANDIDATE","OTHER","noaa-nmfs-sefsc-pascagoula-laboratory-collection-of-brandi-noble-noaa-nmfs-sefsc__acanthostracion-quadricornis-juvenile","ENHANCED_REVIEW","PLAUSIBLE","PENDING","PENDING","https://www.flickr.com/photos/noaaphotolib/5188066846/in/set-72157625320487129/ Juvenile scrawled cowfish ( Acanthostracion quadricornis ). Gulf of Mexico."
"pocv2f-wc-148630445-c1","1","Hjr9sFSdUEW1RVpR09mV","7","Lactophrys quadricornis","Wikimedia Commons","148630445","File:DSC 0818NAB 3.17.jpg","https://commons.wikimedia.org/wiki/?curid=148630445","https://upload.wikimedia.org/wikipedia/commons/d/dd/DSC_0818NAB_3.17.jpg?utm_source=commons.wikimedia.org&utm_campaign=imageinfo&utm_content=original","lwolfartist","CC BY 2.0","https://creativecommons.org/licenses/by/2.0","Commons item extmetadata; exact file-page review still required","PHOTOGRAPH_CANDIDATE","OTHER","lwolfartist__dsc-nab","ENHANCED_REVIEW","PLAUSIBLE","PENDING","PENDING","https://www.flickr.com/photos/151817352@N04/35468242685/ Unidentified species"
"pocv2f-wc-149329649-c1","1","Hjr9sFSdUEW1RVpR09mV","7","Lactophrys quadricornis","Wikimedia Commons","149329649","File:Acanthostracion quadricornis 349030609.jpg","https://commons.wikimedia.org/wiki/?curid=149329649","https://upload.wikimedia.org/wikipedia/commons/d/d9/Acanthostracion_quadricornis_349030609.jpg?utm_source=commons.wikimedia.org&utm_campaign=imageinfo&utm_content=original","Pauline Walsh Jacobson","CC BY 4.0","https://creativecommons.org/licenses/by/4.0","Commons item extmetadata; exact file-page review still required","PHOTOGRAPH_CANDIDATE","OTHER","pauline-walsh-jacobson__acanthostracion-quadricornis","ENHANCED_REVIEW","EXCLUDE_PROHIBITED_ORIGIN","PENDING","PENDING","https://www.inaturalist.org/photos/349030609 Scrawled Cowfish ( Acanthostracion quadricornis ) in the United States"
"pocv2f-wc-149329652-c1","1","Hjr9sFSdUEW1RVpR09mV","7","Lactophrys quadricornis","Wikimedia Commons","149329652","File:Acanthostracion quadricornis 244963753.jpg","https://commons.wikimedia.org/wiki/?curid=149329652","https://upload.wikimedia.org/wikipedia/commons/1/10/Acanthostracion_quadricornis_244963753.jpg?utm_source=commons.wikimedia.org&utm_campaign=imageinfo&utm_content=original","Pauline Walsh Jacobson","CC BY 4.0","https://creativecommons.org/licenses/by/4.0","Commons item extmetadata; exact file-page review still required","PHOTOGRAPH_CANDIDATE","OTHER","pauline-walsh-jacobson__acanthostracion-quadricornis","ENHANCED_REVIEW","EXCLUDE_PROHIBITED_ORIGIN","PENDING","PENDING","https://www.inaturalist.org/photos/244963753 Scrawled Cowfish ( Acanthostracion quadricornis ) in the United States"
"pocv2f-wc-149329656-c1","1","Hjr9sFSdUEW1RVpR09mV","7","Lactophrys quadricornis","Wikimedia Commons","149329656","File:Acanthostracion quadricornis 339603052.jpg","https://commons.wikimedia.org/wiki/?curid=149329656","https://upload.wikimedia.org/wikipedia/commons/f/f7/Acanthostracion_quadricornis_339603052.jpg?utm_source=commons.wikimedia.org&utm_campaign=imageinfo&utm_content=original","Pauline Walsh Jacobson","CC BY 4.0","https://creativecommons.org/licenses/by/4.0","Commons item extmetadata; exact file-page review still required","PHOTOGRAPH_CANDIDATE","OTHER","pauline-walsh-jacobson__acanthostracion-quadricornis","ENHANCED_REVIEW","EXCLUDE_PROHIBITED_ORIGIN","PENDING","PENDING","https://www.inaturalist.org/photos/339603052 Scrawled Cowfish ( Acanthostracion quadricornis ) in the United States"
"pocv2f-wc-149329666-c1","1","Hjr9sFSdUEW1RVpR09mV","7","Lactophrys quadricornis","Wikimedia Commons","149329666","File:Acanthostracion quadricornis 261225630.jpg","https://commons.wikimedia.org/wiki/?curid=149329666","https://upload.wikimedia.org/wikipedia/commons/f/f2/Acanthostracion_quadricornis_261225630.jpg?utm_source=commons.wikimedia.org&utm_campaign=imageinfo&utm_content=original","Tim","CC BY 4.0","https://creativecommons.org/licenses/by/4.0","Commons item extmetadata; exact file-page review still required","PHOTOGRAPH_CANDIDATE","OTHER","tim__acanthostracion-quadricornis","ENHANCED_REVIEW","EXCLUDE_PROHIBITED_ORIGIN","PENDING","PENDING","https://www.inaturalist.org/photos/261225630 Scrawled Cowfish ( Acanthostracion quadricornis ) in the United States"
"pocv2f-wc-149329668-c1","1","Hjr9sFSdUEW1RVpR09mV","7","Lactophrys quadricornis","Wikimedia Commons","149329668","File:Acanthostracion quadricornis 160535298.jpg","https://commons.wikimedia.org/wiki/?curid=149329668","https://upload.wikimedia.org/wikipedia/commons/2/23/Acanthostracion_quadricornis_160535298.jpg?utm_source=commons.wikimedia.org&utm_campaign=imageinfo&utm_content=original","Pauline Walsh Jacobson","CC BY 4.0","https://creativecommons.org/licenses/by/4.0","Commons item extmetadata; exact file-page review still required","PHOTOGRAPH_CANDIDATE","OTHER","pauline-walsh-jacobson__acanthostracion-quadricornis","ENHANCED_REVIEW","EXCLUDE_PROHIBITED_ORIGIN","PENDING","PENDING","https://www.inaturalist.org/photos/160535298 Scrawled Cowfish ( Acanthostracion quadricornis ) in the United States"
"pocv2f-wc-149496078-c1","1","Hjr9sFSdUEW1RVpR09mV","7","Lactophrys quadricornis","Wikimedia Commons","149496078","File:Acanthostracion quadricornis 261225630 (cropped).jpg","https://commons.wikimedia.org/wiki/?curid=149496078","https://upload.wikimedia.org/wikipedia/commons/0/07/Acanthostracion_quadricornis_261225630_%28cropped%29.jpg?utm_source=commons.wikimedia.org&utm_campaign=imageinfo&utm_content=original","Tim","CC BY 4.0","https://creativecommons.org/licenses/by/4.0","Commons item extmetadata; exact file-page review still required","PHOTOGRAPH_CANDIDATE","OTHER","tim__acanthostracion-quadricornis","ENHANCED_REVIEW","EXCLUDE_PROHIBITED_ORIGIN","PENDING","PENDING","https://www.inaturalist.org/photos/261225630 Scrawled Cowfish ( Acanthostracion quadricornis ) in the United States"
"pocv2f-wc-156707220-c1","1","Hjr9sFSdUEW1RVpR09mV","7","Lactophrys quadricornis","Wikimedia Commons","156707220","File:Acanthostracion quadricornis 160682666.jpg","https://commons.wikimedia.org/wiki/?curid=156707220","https://upload.wikimedia.org/wikipedia/commons/b/b5/Acanthostracion_quadricornis_160682666.jpg?utm_source=commons.wikimedia.org&utm_campaign=imageinfo&utm_content=original","Pauline Walsh Jacobson","CC BY 4.0","https://creativecommons.org/licenses/by/4.0","Commons item extmetadata; exact file-page review still required","PHOTOGRAPH_CANDIDATE","OTHER","pauline-walsh-jacobson__acanthostracion-quadricornis","ENHANCED_REVIEW","EXCLUDE_PROHIBITED_ORIGIN","PENDING","PENDING","https://www.inaturalist.org/photos/160682666 Scrawled Cowfish ( Acanthostracion quadricornis ) in the United States"
"pocv2f-wc-156707228-c1","1","Hjr9sFSdUEW1RVpR09mV","7","Lactophrys quadricornis","Wikimedia Commons","156707228","File:Acanthostracion quadricornis 161264350.jpg","https://commons.wikimedia.org/wiki/?curid=156707228","https://upload.wikimedia.org/wikipedia/commons/1/14/Acanthostracion_quadricornis_161264350.jpg?utm_source=commons.wikimedia.org&utm_campaign=imageinfo&utm_content=original","Pauline Walsh Jacobson","CC BY 4.0","https://creativecommons.org/licenses/by/4.0","Commons item extmetadata; exact file-page review still required","PHOTOGRAPH_CANDIDATE","OTHER","pauline-walsh-jacobson__acanthostracion-quadricornis","ENHANCED_REVIEW","EXCLUDE_PROHIBITED_ORIGIN","PENDING","PENDING","https://www.inaturalist.org/photos/161264350 Scrawled Cowfish ( Acanthostracion quadricornis ) in the United States"
"pocv2f-wc-156707234-c1","1","Hjr9sFSdUEW1RVpR09mV","7","Lactophrys quadricornis","Wikimedia Commons","156707234","File:Acanthostracion quadricornis 161352462.jpg","https://commons.wikimedia.org/wiki/?curid=156707234","https://upload.wikimedia.org/wikipedia/commons/3/3a/Acanthostracion_quadricornis_161352462.jpg?utm_source=commons.wikimedia.org&utm_campaign=imageinfo&utm_content=original","Pauline Walsh Jacobson","CC BY 4.0","https://creativecommons.org/licenses/by/4.0","Commons item extmetadata; exact file-page review still required","PHOTOGRAPH_CANDIDATE","OTHER","pauline-walsh-jacobson__acanthostracion-quadricornis","ENHANCED_REVIEW","EXCLUDE_PROHIBITED_ORIGIN","PENDING","PENDING","https://www.inaturalist.org/photos/161352462 Scrawled Cowfish ( Acanthostracion quadricornis ) in the United States"
"pocv2f-wc-156707247-c1","1","Hjr9sFSdUEW1RVpR09mV","7","Lactophrys quadricornis","Wikimedia Commons","156707247","File:Acanthostracion quadricornis 161738516.jpg","https://commons.wikimedia.org/wiki/?curid=156707247","https://upload.wikimedia.org/wikipedia/commons/e/e6/Acanthostracion_quadricornis_161738516.jpg?utm_source=commons.wikimedia.org&utm_campaign=imageinfo&utm_content=original","Pauline Walsh Jacobson","CC BY 4.0","https://creativecommons.org/licenses/by/4.0","Commons item extmetadata; exact file-page review still required","PHOTOGRAPH_CANDIDATE","OTHER","pauline-walsh-jacobson__acanthostracion-quadricornis","ENHANCED_REVIEW","EXCLUDE_PROHIBITED_ORIGIN","PENDING","PENDING","https://www.inaturalist.org/photos/161738516 Scrawled Cowfish ( Acanthostracion quadricornis ) in the United States"
"pocv2f-wc-156707263-c1","1","Hjr9sFSdUEW1RVpR09mV","7","Lactophrys quadricornis","Wikimedia Commons","156707263","File:Acanthostracion quadricornis 167447814.jpg","https://commons.wikimedia.org/wiki/?curid=156707263","https://upload.wikimedia.org/wikipedia/commons/a/a8/Acanthostracion_quadricornis_167447814.jpg?utm_source=commons.wikimedia.org&utm_campaign=imageinfo&utm_content=original","Pauline Walsh Jacobson","CC BY 4.0","https://creativecommons.org/licenses/by/4.0","Commons item extmetadata; exact file-page review still required","PHOTOGRAPH_CANDIDATE","OTHER","pauline-walsh-jacobson__acanthostracion-quadricornis","ENHANCED_REVIEW","EXCLUDE_PROHIBITED_ORIGIN","PENDING","PENDING","https://www.inaturalist.org/photos/167447814 Scrawled Cowfish ( Acanthostracion quadricornis ) in the United States"
"pocv2f-wc-156707271-c1","1","Hjr9sFSdUEW1RVpR09mV","7","Lactophrys quadricornis","Wikimedia Commons","156707271","File:Acanthostracion quadricornis 173627184.jpg","https://commons.wikimedia.org/wiki/?curid=156707271","https://upload.wikimedia.org/wikipedia/commons/c/c8/Acanthostracion_quadricornis_173627184.jpg?utm_source=commons.wikimedia.org&utm_campaign=imageinfo&utm_content=original","Pauline Walsh Jacobson","CC BY 4.0","https://creativecommons.org/licenses/by/4.0","Commons item extmetadata; exact file-page review still required","PHOTOGRAPH_CANDIDATE","OTHER","pauline-walsh-jacobson__acanthostracion-quadricornis","ENHANCED_REVIEW","EXCLUDE_PROHIBITED_ORIGIN","PENDING","PENDING","https://www.inaturalist.org/photos/173627184 Scrawled Cowfish ( Acanthostracion quadricornis ) in the United States"
"pocv2f-wc-156707280-c1","1","Hjr9sFSdUEW1RVpR09mV","7","Lactophrys quadricornis","Wikimedia Commons","156707280","File:Acanthostracion quadricornis 237933066.jpg","https://commons.wikimedia.org/wiki/?curid=156707280","https://upload.wikimedia.org/wikipedia/commons/9/98/Acanthostracion_quadricornis_237933066.jpg?utm_source=commons.wikimedia.org&utm_campaign=imageinfo&utm_content=original","Pauline Walsh Jacobson","CC BY 4.0","https://creativecommons.org/licenses/by/4.0","Commons item extmetadata; exact file-page review still required","PHOTOGRAPH_CANDIDATE","OTHER","pauline-walsh-jacobson__acanthostracion-quadricornis","ENHANCED_REVIEW","EXCLUDE_PROHIBITED_ORIGIN","PENDING","PENDING","https://www.inaturalist.org/photos/237933066 Scrawled Cowfish ( Acanthostracion quadricornis ) in the United States"
"pocv2f-wc-156707286-c1","1","Hjr9sFSdUEW1RVpR09mV","7","Lactophrys quadricornis","Wikimedia Commons","156707286","File:Acanthostracion quadricornis 244063884.jpg","https://commons.wikimedia.org/wiki/?curid=156707286","https://upload.wikimedia.org/wikipedia/commons/c/c2/Acanthostracion_quadricornis_244063884.jpg?utm_source=commons.wikimedia.org&utm_campaign=imageinfo&utm_content=original","Pauline Walsh Jacobson","CC BY 4.0","https://creativecommons.org/licenses/by/4.0","Commons item extmetadata; exact file-page review still required","PHOTOGRAPH_CANDIDATE","OTHER","pauline-walsh-jacobson__acanthostracion-quadricornis","ENHANCED_REVIEW","EXCLUDE_PROHIBITED_ORIGIN","PENDING","PENDING","https://www.inaturalist.org/photos/244063884 Scrawled Cowfish ( Acanthostracion quadricornis ) in the United States"
"pocv2f-wc-156707295-c1","1","Hjr9sFSdUEW1RVpR09mV","7","Lactophrys quadricornis","Wikimedia Commons","156707295","File:Acanthostracion quadricornis 244064196.jpg","https://commons.wikimedia.org/wiki/?curid=156707295","https://upload.wikimedia.org/wikipedia/commons/0/08/Acanthostracion_quadricornis_244064196.jpg?utm_source=commons.wikimedia.org&utm_campaign=imageinfo&utm_content=original","Pauline Walsh Jacobson","CC BY 4.0","https://creativecommons.org/licenses/by/4.0","Commons item extmetadata; exact file-page review still required","PHOTOGRAPH_CANDIDATE","OTHER","pauline-walsh-jacobson__acanthostracion-quadricornis","ENHANCED_REVIEW","EXCLUDE_PROHIBITED_ORIGIN","PENDING","PENDING","https://www.inaturalist.org/photos/244064196 Scrawled Cowfish ( Acanthostracion quadricornis ) in the United States"
"pocv2f-wc-156707307-c1","1","Hjr9sFSdUEW1RVpR09mV","7","Lactophrys quadricornis","Wikimedia Commons","156707307","File:Acanthostracion quadricornis 244960983.jpg","https://commons.wikimedia.org/wiki/?curid=156707307","https://upload.wikimedia.org/wikipedia/commons/e/e5/Acanthostracion_quadricornis_244960983.jpg?utm_source=commons.wikimedia.org&utm_campaign=imageinfo&utm_content=original","Pauline Walsh Jacobson","CC BY 4.0","https://creativecommons.org/licenses/by/4.0","Commons item extmetadata; exact file-page review still required","PHOTOGRAPH_CANDIDATE","OTHER","pauline-walsh-jacobson__acanthostracion-quadricornis","ENHANCED_REVIEW","EXCLUDE_PROHIBITED_ORIGIN","PENDING","PENDING","https://www.inaturalist.org/photos/244960983 Scrawled Cowfish ( Acanthostracion quadricornis ) in the United States"
"pocv2f-wc-156707313-c1","1","Hjr9sFSdUEW1RVpR09mV","7","Lactophrys quadricornis","Wikimedia Commons","156707313","File:Acanthostracion quadricornis 244960667.jpg","https://commons.wikimedia.org/wiki/?curid=156707313","https://upload.wikimedia.org/wikipedia/commons/e/eb/Acanthostracion_quadricornis_244960667.jpg?utm_source=commons.wikimedia.org&utm_campaign=imageinfo&utm_content=original","Pauline Walsh Jacobson","CC BY 4.0","https://creativecommons.org/licenses/by/4.0","Commons item extmetadata; exact file-page review still required","PHOTOGRAPH_CANDIDATE","OTHER","pauline-walsh-jacobson__acanthostracion-quadricornis","ENHANCED_REVIEW","EXCLUDE_PROHIBITED_ORIGIN","PENDING","PENDING","https://www.inaturalist.org/photos/244960667 Scrawled Cowfish ( Acanthostracion quadricornis ) in the United States"
"pocv2f-wc-156707324-c1","1","Hjr9sFSdUEW1RVpR09mV","7","Lactophrys quadricornis","Wikimedia Commons","156707324","File:Acanthostracion quadricornis 244963429.jpg","https://commons.wikimedia.org/wiki/?curid=156707324","https://upload.wikimedia.org/wikipedia/commons/f/f9/Acanthostracion_quadricornis_244963429.jpg?utm_source=commons.wikimedia.org&utm_campaign=imageinfo&utm_content=original","Pauline Walsh Jacobson","CC BY 4.0","https://creativecommons.org/licenses/by/4.0","Commons item extmetadata; exact file-page review still required","PHOTOGRAPH_CANDIDATE","OTHER","pauline-walsh-jacobson__acanthostracion-quadricornis","ENHANCED_REVIEW","EXCLUDE_PROHIBITED_ORIGIN","PENDING","PENDING","https://www.inaturalist.org/photos/244963429 Scrawled Cowfish ( Acanthostracion quadricornis ) in the United States"
"pocv2f-wc-156707336-c1","1","Hjr9sFSdUEW1RVpR09mV","7","Lactophrys quadricornis","Wikimedia Commons","156707336","File:Acanthostracion quadricornis 287331887.jpg","https://commons.wikimedia.org/wiki/?curid=156707336","https://upload.wikimedia.org/wikipedia/commons/6/69/Acanthostracion_quadricornis_287331887.jpg?utm_source=commons.wikimedia.org&utm_campaign=imageinfo&utm_content=original","Pauline Walsh Jacobson","CC BY 4.0","https://creativecommons.org/licenses/by/4.0","Commons item extmetadata; exact file-page review still required","PHOTOGRAPH_CANDIDATE","OTHER","pauline-walsh-jacobson__acanthostracion-quadricornis","ENHANCED_REVIEW","EXCLUDE_PROHIBITED_ORIGIN","PENDING","PENDING","https://www.inaturalist.org/photos/287331887 Scrawled Cowfish ( Acanthostracion quadricornis ) in the United States"
"pocv2f-wc-156707341-c1","1","Hjr9sFSdUEW1RVpR09mV","7","Lactophrys quadricornis","Wikimedia Commons","156707341","File:Acanthostracion quadricornis 287330993.jpg","https://commons.wikimedia.org/wiki/?curid=156707341","https://upload.wikimedia.org/wikipedia/commons/5/59/Acanthostracion_quadricornis_287330993.jpg?utm_source=commons.wikimedia.org&utm_campaign=imageinfo&utm_content=original","Pauline Walsh Jacobson","CC BY 4.0","https://creativecommons.org/licenses/by/4.0","Commons item extmetadata; exact file-page review still required","PHOTOGRAPH_CANDIDATE","OTHER","pauline-walsh-jacobson__acanthostracion-quadricornis","ENHANCED_REVIEW","EXCLUDE_PROHIBITED_ORIGIN","PENDING","PENDING","https://www.inaturalist.org/photos/287330993 Scrawled Cowfish ( Acanthostracion quadricornis ) in the United States"
"pocv2f-wc-156707349-c1","1","Hjr9sFSdUEW1RVpR09mV","7","Lactophrys quadricornis","Wikimedia Commons","156707349","File:Acanthostracion quadricornis 288171359.jpg","https://commons.wikimedia.org/wiki/?curid=156707349","https://upload.wikimedia.org/wikipedia/commons/f/f8/Acanthostracion_quadricornis_288171359.jpg?utm_source=commons.wikimedia.org&utm_campaign=imageinfo&utm_content=original","Pauline Walsh Jacobson","CC BY 4.0","https://creativecommons.org/licenses/by/4.0","Commons item extmetadata; exact file-page review still required","PHOTOGRAPH_CANDIDATE","OTHER","pauline-walsh-jacobson__acanthostracion-quadricornis","ENHANCED_REVIEW","EXCLUDE_PROHIBITED_ORIGIN","PENDING","PENDING","https://www.inaturalist.org/photos/288171359 Scrawled Cowfish ( Acanthostracion quadricornis ) in the United States"
"pocv2f-wc-156707354-c1","1","Hjr9sFSdUEW1RVpR09mV","7","Lactophrys quadricornis","Wikimedia Commons","156707354","File:Acanthostracion quadricornis 288867167.jpg","https://commons.wikimedia.org/wiki/?curid=156707354","https://upload.wikimedia.org/wikipedia/commons/1/16/Acanthostracion_quadricornis_288867167.jpg?utm_source=commons.wikimedia.org&utm_campaign=imageinfo&utm_content=original","Pauline Walsh Jacobson","CC BY 4.0","https://creativecommons.org/licenses/by/4.0","Commons item extmetadata; exact file-page review still required","PHOTOGRAPH_CANDIDATE","OTHER","pauline-walsh-jacobson__acanthostracion-quadricornis","ENHANCED_REVIEW","EXCLUDE_PROHIBITED_ORIGIN","PENDING","PENDING","https://www.inaturalist.org/photos/288867167 Scrawled Cowfish ( Acanthostracion quadricornis ) in the United States"
"pocv2f-wc-156707360-c1","1","Hjr9sFSdUEW1RVpR09mV","7","Lactophrys quadricornis","Wikimedia Commons","156707360","File:Acanthostracion quadricornis 289366883.jpg","https://commons.wikimedia.org/wiki/?curid=156707360","https://upload.wikimedia.org/wikipedia/commons/3/3b/Acanthostracion_quadricornis_289366883.jpg?utm_source=commons.wikimedia.org&utm_campaign=imageinfo&utm_content=original","Pauline Walsh Jacobson","CC BY 4.0","https://creativecommons.org/licenses/by/4.0","Commons item extmetadata; exact file-page review still required","PHOTOGRAPH_CANDIDATE","OTHER","pauline-walsh-jacobson__acanthostracion-quadricornis","ENHANCED_REVIEW","EXCLUDE_PROHIBITED_ORIGIN","PENDING","PENDING","https://www.inaturalist.org/photos/289366883 Scrawled Cowfish ( Acanthostracion quadricornis ) in the United States"
"pocv2f-wc-156707367-c1","1","Hjr9sFSdUEW1RVpR09mV","7","Lactophrys quadricornis","Wikimedia Commons","156707367","File:Acanthostracion quadricornis 289367230.jpg","https://commons.wikimedia.org/wiki/?curid=156707367","https://upload.wikimedia.org/wikipedia/commons/9/9a/Acanthostracion_quadricornis_289367230.jpg?utm_source=commons.wikimedia.org&utm_campaign=imageinfo&utm_content=original","Pauline Walsh Jacobson","CC BY 4.0","https://creativecommons.org/licenses/by/4.0","Commons item extmetadata; exact file-page review still required","PHOTOGRAPH_CANDIDATE","OTHER","pauline-walsh-jacobson__acanthostracion-quadricornis","ENHANCED_REVIEW","EXCLUDE_PROHIBITED_ORIGIN","PENDING","PENDING","https://www.inaturalist.org/photos/289367230 Scrawled Cowfish ( Acanthostracion quadricornis ) in the United States"
"pocv2f-wc-156707369-c1","1","Hjr9sFSdUEW1RVpR09mV","7","Lactophrys quadricornis","Wikimedia Commons","156707369","File:Acanthostracion quadricornis 289596638.jpg","https://commons.wikimedia.org/wiki/?curid=156707369","https://upload.wikimedia.org/wikipedia/commons/0/0b/Acanthostracion_quadricornis_289596638.jpg?utm_source=commons.wikimedia.org&utm_campaign=imageinfo&utm_content=original","Pauline Walsh Jacobson","CC BY 4.0","https://creativecommons.org/licenses/by/4.0","Commons item extmetadata; exact file-page review still required","PHOTOGRAPH_CANDIDATE","OTHER","pauline-walsh-jacobson__acanthostracion-quadricornis","ENHANCED_REVIEW","EXCLUDE_PROHIBITED_ORIGIN","PENDING","PENDING","https://www.inaturalist.org/photos/289596638 Scrawled Cowfish ( Acanthostracion quadricornis ) in the United States"
"pocv2f-wc-156707377-c1","1","Hjr9sFSdUEW1RVpR09mV","7","Lactophrys quadricornis","Wikimedia Commons","156707377","File:Acanthostracion quadricornis 302117202.jpg","https://commons.wikimedia.org/wiki/?curid=156707377","https://upload.wikimedia.org/wikipedia/commons/5/52/Acanthostracion_quadricornis_302117202.jpg?utm_source=commons.wikimedia.org&utm_campaign=imageinfo&utm_content=original","Pauline Walsh Jacobson","CC BY 4.0","https://creativecommons.org/licenses/by/4.0","Commons item extmetadata; exact file-page review still required","PHOTOGRAPH_CANDIDATE","OTHER","pauline-walsh-jacobson__acanthostracion-quadricornis","ENHANCED_REVIEW","EXCLUDE_PROHIBITED_ORIGIN","PENDING","PENDING","https://www.inaturalist.org/photos/302117202 Scrawled Cowfish ( Acanthostracion quadricornis ) in the United States"
"pocv2f-wc-156707384-c1","1","Hjr9sFSdUEW1RVpR09mV","7","Lactophrys quadricornis","Wikimedia Commons","156707384","File:Acanthostracion quadricornis 324204555.jpg","https://commons.wikimedia.org/wiki/?curid=156707384","https://upload.wikimedia.org/wikipedia/commons/a/a5/Acanthostracion_quadricornis_324204555.jpg?utm_source=commons.wikimedia.org&utm_campaign=imageinfo&utm_content=original","Pauline Walsh Jacobson","CC BY 4.0","https://creativecommons.org/licenses/by/4.0","Commons item extmetadata; exact file-page review still required","PHOTOGRAPH_CANDIDATE","OTHER","pauline-walsh-jacobson__acanthostracion-quadricornis","ENHANCED_REVIEW","EXCLUDE_PROHIBITED_ORIGIN","PENDING","PENDING","https://www.inaturalist.org/photos/324204555 Scrawled Cowfish ( Acanthostracion quadricornis ) in the United States"
"pocv2f-wc-156707386-c1","1","Hjr9sFSdUEW1RVpR09mV","7","Lactophrys quadricornis","Wikimedia Commons","156707386","File:Acanthostracion quadricornis 326917049.jpg","https://commons.wikimedia.org/wiki/?curid=156707386","https://upload.wikimedia.org/wikipedia/commons/b/bc/Acanthostracion_quadricornis_326917049.jpg?utm_source=commons.wikimedia.org&utm_campaign=imageinfo&utm_content=original","Pauline Walsh Jacobson","CC BY 4.0","https://creativecommons.org/licenses/by/4.0","Commons item extmetadata; exact file-page review still required","PHOTOGRAPH_CANDIDATE","OTHER","pauline-walsh-jacobson__acanthostracion-quadricornis","ENHANCED_REVIEW","EXCLUDE_PROHIBITED_ORIGIN","PENDING","PENDING","https://www.inaturalist.org/photos/326917049 Scrawled Cowfish ( Acanthostracion quadricornis ) in United States Virgin Islands"
"pocv2f-wc-156707393-c1","1","Hjr9sFSdUEW1RVpR09mV","7","Lactophrys quadricornis","Wikimedia Commons","156707393","File:Acanthostracion quadricornis 327158805.jpg","https://commons.wikimedia.org/wiki/?curid=156707393","https://upload.wikimedia.org/wikipedia/commons/6/65/Acanthostracion_quadricornis_327158805.jpg?utm_source=commons.wikimedia.org&utm_campaign=imageinfo&utm_content=original","Pauline Walsh Jacobson","CC BY 4.0","https://creativecommons.org/licenses/by/4.0","Commons item extmetadata; exact file-page review still required","PHOTOGRAPH_CANDIDATE","OTHER","pauline-walsh-jacobson__acanthostracion-quadricornis","ENHANCED_REVIEW","EXCLUDE_PROHIBITED_ORIGIN","PENDING","PENDING","https://www.inaturalist.org/photos/327158805 Scrawled Cowfish ( Acanthostracion quadricornis ) in United States Virgin Islands"
"pocv2f-wc-156707399-c1","1","Hjr9sFSdUEW1RVpR09mV","7","Lactophrys quadricornis","Wikimedia Commons","156707399","File:Acanthostracion quadricornis 330543731.jpg","https://commons.wikimedia.org/wiki/?curid=156707399","https://upload.wikimedia.org/wikipedia/commons/4/48/Acanthostracion_quadricornis_330543731.jpg?utm_source=commons.wikimedia.org&utm_campaign=imageinfo&utm_content=original","Pauline Walsh Jacobson","CC BY 4.0","https://creativecommons.org/licenses/by/4.0","Commons item extmetadata; exact file-page review still required","PHOTOGRAPH_CANDIDATE","OTHER","pauline-walsh-jacobson__acanthostracion-quadricornis","ENHANCED_REVIEW","EXCLUDE_PROHIBITED_ORIGIN","PENDING","PENDING","https://www.inaturalist.org/photos/330543731 Scrawled Cowfish ( Acanthostracion quadricornis ) in the United States"
"pocv2f-wc-156707406-c1","1","Hjr9sFSdUEW1RVpR09mV","7","Lactophrys quadricornis","Wikimedia Commons","156707406","File:Acanthostracion quadricornis 340116829.jpg","https://commons.wikimedia.org/wiki/?curid=156707406","https://upload.wikimedia.org/wikipedia/commons/f/f0/Acanthostracion_quadricornis_340116829.jpg?utm_source=commons.wikimedia.org&utm_campaign=imageinfo&utm_content=original","Pauline Walsh Jacobson","CC BY 4.0","https://creativecommons.org/licenses/by/4.0","Commons item extmetadata; exact file-page review still required","PHOTOGRAPH_CANDIDATE","OTHER","pauline-walsh-jacobson__acanthostracion-quadricornis","ENHANCED_REVIEW","EXCLUDE_PROHIBITED_ORIGIN","PENDING","PENDING","https://www.inaturalist.org/photos/340116829 Scrawled Cowfish ( Acanthostracion quadricornis ) in the United States"
"pocv2f-wc-156707413-c1","1","Hjr9sFSdUEW1RVpR09mV","7","Lactophrys quadricornis","Wikimedia Commons","156707413","File:Acanthostracion quadricornis 342422662.jpg","https://commons.wikimedia.org/wiki/?curid=156707413","https://upload.wikimedia.org/wikipedia/commons/b/b3/Acanthostracion_quadricornis_342422662.jpg?utm_source=commons.wikimedia.org&utm_campaign=imageinfo&utm_content=original","Pauline Walsh Jacobson","CC BY 4.0","https://creativecommons.org/licenses/by/4.0","Commons item extmetadata; exact file-page review still required","PHOTOGRAPH_CANDIDATE","OTHER","pauline-walsh-jacobson__acanthostracion-quadricornis","ENHANCED_REVIEW","EXCLUDE_PROHIBITED_ORIGIN","PENDING","PENDING","https://www.inaturalist.org/photos/342422662 Scrawled Cowfish ( Acanthostracion quadricornis ) in the United States"
"pocv2f-wc-156707416-c1","1","Hjr9sFSdUEW1RVpR09mV","7","Lactophrys quadricornis","Wikimedia Commons","156707416","File:Acanthostracion quadricornis 345672006.jpg","https://commons.wikimedia.org/wiki/?curid=156707416","https://upload.wikimedia.org/wikipedia/commons/a/a4/Acanthostracion_quadricornis_345672006.jpg?utm_source=commons.wikimedia.org&utm_campaign=imageinfo&utm_content=original","Pauline Walsh Jacobson","CC BY 4.0","https://creativecommons.org/licenses/by/4.0","Commons item extmetadata; exact file-page review still required","PHOTOGRAPH_CANDIDATE","OTHER","pauline-walsh-jacobson__acanthostracion-quadricornis","ENHANCED_REVIEW","EXCLUDE_PROHIBITED_ORIGIN","PENDING","PENDING","https://www.inaturalist.org/photos/345672006 Scrawled Cowfish ( Acanthostracion quadricornis ) in United States Virgin Islands"
"pocv2f-wc-156707422-c1","1","Hjr9sFSdUEW1RVpR09mV","7","Lactophrys quadricornis","Wikimedia Commons","156707422","File:Acanthostracion quadricornis 345671528.jpg","https://commons.wikimedia.org/wiki/?curid=156707422","https://upload.wikimedia.org/wikipedia/commons/8/8b/Acanthostracion_quadricornis_345671528.jpg?utm_source=commons.wikimedia.org&utm_campaign=imageinfo&utm_content=original","Pauline Walsh Jacobson","CC BY 4.0","https://creativecommons.org/licenses/by/4.0","Commons item extmetadata; exact file-page review still required","PHOTOGRAPH_CANDIDATE","OTHER","pauline-walsh-jacobson__acanthostracion-quadricornis","ENHANCED_REVIEW","EXCLUDE_PROHIBITED_ORIGIN","PENDING","PENDING","https://www.inaturalist.org/photos/345671528 Scrawled Cowfish ( Acanthostracion quadricornis ) in United States Virgin Islands"
"pocv2f-wc-156707433-c1","1","Hjr9sFSdUEW1RVpR09mV","7","Lactophrys quadricornis","Wikimedia Commons","156707433","File:Acanthostracion quadricornis 352454515.jpg","https://commons.wikimedia.org/wiki/?curid=156707433","https://upload.wikimedia.org/wikipedia/commons/a/ab/Acanthostracion_quadricornis_352454515.jpg?utm_source=commons.wikimedia.org&utm_campaign=imageinfo&utm_content=original","Pauline Walsh Jacobson","CC BY 4.0","https://creativecommons.org/licenses/by/4.0","Commons item extmetadata; exact file-page review still required","PHOTOGRAPH_CANDIDATE","OTHER","pauline-walsh-jacobson__acanthostracion-quadricornis","ENHANCED_REVIEW","EXCLUDE_PROHIBITED_ORIGIN","PENDING","PENDING","https://www.inaturalist.org/photos/352454515 Scrawled Cowfish ( Acanthostracion quadricornis ) in the United States"
"pocv2f-wc-156707437-c1","1","Hjr9sFSdUEW1RVpR09mV","7","Lactophrys quadricornis","Wikimedia Commons","156707437","File:Acanthostracion quadricornis 352453441.jpg","https://commons.wikimedia.org/wiki/?curid=156707437","https://upload.wikimedia.org/wikipedia/commons/8/8d/Acanthostracion_quadricornis_352453441.jpg?utm_source=commons.wikimedia.org&utm_campaign=imageinfo&utm_content=original","Pauline Walsh Jacobson","CC BY 4.0","https://creativecommons.org/licenses/by/4.0","Commons item extmetadata; exact file-page review still required","PHOTOGRAPH_CANDIDATE","OTHER","pauline-walsh-jacobson__acanthostracion-quadricornis","ENHANCED_REVIEW","EXCLUDE_PROHIBITED_ORIGIN","PENDING","PENDING","https://www.inaturalist.org/photos/352453441 Scrawled Cowfish ( Acanthostracion quadricornis ) in the United States"
"pocv2f-wc-162230631-c1","1","Hjr9sFSdUEW1RVpR09mV","7","Lactophrys quadricornis","Wikimedia Commons","162230631","File:Acanthostracion quadricornis 458906248.jpg","https://commons.wikimedia.org/wiki/?curid=162230631","https://upload.wikimedia.org/wikipedia/commons/a/ad/Acanthostracion_quadricornis_458906248.jpg?utm_source=commons.wikimedia.org&utm_campaign=imageinfo&utm_content=original","Fizzishin","CC BY 4.0","https://creativecommons.org/licenses/by/4.0","Commons item extmetadata; exact file-page review still required","PHOTOGRAPH_CANDIDATE","OTHER","fizzishin__acanthostracion-quadricornis","ENHANCED_REVIEW","EXCLUDE_PROHIBITED_ORIGIN","PENDING","PENDING","https://www.inaturalist.org/photos/458906248 Scrawled Cowfish ( Acanthostracion quadricornis ) in the United States"
"pocv2f-wc-178990878-c1","1","Hjr9sFSdUEW1RVpR09mV","7","Lactophrys quadricornis","Wikimedia Commons","178990878","File:Acanthostracion quadricornis 560168222.jpg","https://commons.wikimedia.org/wiki/?curid=178990878","https://upload.wikimedia.org/wikipedia/commons/d/dc/Acanthostracion_quadricornis_560168222.jpg?utm_source=commons.wikimedia.org&utm_campaign=imageinfo&utm_content=original","Turner Brockman","CC BY-SA 4.0","https://creativecommons.org/licenses/by-sa/4.0","Commons item extmetadata; exact file-page review still required","PHOTOGRAPH_CANDIDATE","OTHER","turner-brockman__acanthostracion-quadricornis","ENHANCED_REVIEW","EXCLUDE_LICENSE","PENDING","PENDING","https://www.inaturalist.org/photos/560168222 Scrawled Cowfish ( Acanthostracion quadricornis ) in the United States"
"pocv2f-wc-19103989-c1","1","Hjr9sFSdUEW1RVpR09mV","7","Lactophrys quadricornis","Wikimedia Commons","19103989","File:Ostracion tricornis - MHNT - ICHT.1995.324.jpg","https://commons.wikimedia.org/wiki/?curid=19103989","https://upload.wikimedia.org/wikipedia/commons/3/3d/Ostracion_tricornis_-_MHNT_-_ICHT.1995.324.jpg?utm_source=commons.wikimedia.org&utm_campaign=imageinfo&utm_content=original","PierreSelim","CC BY-SA 3.0","https://creativecommons.org/licenses/by-sa/3.0","Commons item extmetadata; exact file-page review still required","PHOTOGRAPH_CANDIDATE","OTHER","pierreselim__ostracion-tricornis-mhnt-icht","ENHANCED_REVIEW","EXCLUDE_LICENSE","PENDING","PENDING","Own work Scrawled cowfish ( Ostracion tricornis or Acanthostracion quadricornis )"
"pocv2f-wc-22927878-c1","1","Hjr9sFSdUEW1RVpR09mV","7","Lactophrys quadricornis","Wikimedia Commons","22927878","File:Acanthostracion quadricornis - Mounted specimen from Oxford University Museum of Natural History.JPG","https://commons.wikimedia.org/wiki/?curid=22927878","https://upload.wikimedia.org/wikipedia/commons/e/eb/Acanthostracion_quadricornis_-_Mounted_specimen_from_Oxford_University_Museum_of_Natural_History.JPG?utm_source=commons.wikimedia.org&utm_campaign=imageinfo&utm_content=original","subhumanfreak ( talk )","CC BY-SA 3.0","https://creativecommons.org/licenses/by-sa/3.0","Commons item extmetadata; exact file-page review still required","PHOTOGRAPH_CANDIDATE","CONTROLLED_REFERENCE","subhumanfreak-talk__acanthostracion-quadricornis-mounted-specimen-from-oxford-university-museum-of-natural-history","ENHANCED_REVIEW","EXCLUDE_LICENSE","PENDING","PENDING","I created this work entirely by myself. Acanthostracion quadricornis mounted specimen from Oxford Museum of Natural History"
"pocv2f-wc-26051451-c1","1","Hjr9sFSdUEW1RVpR09mV","7","Lactophrys quadricornis","Wikimedia Commons","26051451","File:Cuisine of Margarita island.jpg","https://commons.wikimedia.org/wiki/?curid=26051451","https://upload.wikimedia.org/wikipedia/commons/2/29/Cuisine_of_Margarita_island.jpg?utm_source=commons.wikimedia.org&utm_campaign=imageinfo&utm_content=original","Wilfredor","CC0","http://creativecommons.org/publicdomain/zero/1.0/deed.en","Commons item extmetadata; exact file-page review still required","PHOTOGRAPH_CANDIDATE","OTHER","wilfredor__cuisine-of-margarita-island","ENHANCED_REVIEW","PLAUSIBLE","PENDING","PENDING","Own work Cuisine of Margarita Island, Venezuela"
"pocv2f-wc-42499138-c1","1","Hjr9sFSdUEW1RVpR09mV","7","Lactophrys quadricornis","Wikimedia Commons","42499138","File:FMIB 46362 Four-Horned Trunkfish.jpeg","https://commons.wikimedia.org/wiki/?curid=42499138","https://upload.wikimedia.org/wikipedia/commons/c/c7/FMIB_46362_Four-Horned_Trunkfish.jpeg?utm_source=commons.wikimedia.org&utm_campaign=imageinfo&utm_content=original","Jonathan Couch","Public domain","","Commons item extmetadata; exact file-page review still required","PHOTOGRAPH_CANDIDATE","OTHER","jonathan-couch__fmib-four-horned-trunkfish","ENHANCED_REVIEW","EXCLUDE_NON_FIELD_ARTIFACT","PENDING","PENDING","Couch, Jonathan (1877) History of the Fishes of the British Isles , London : George Bell & Sons Four-Horned Trunkfish Piscis triangularis Piscis triangularis cornutus Clusii Ostracion quadricornis Subject: Ostracion, Trunkfish Tag: Fish"
"pocv2f-wc-42645380-c1","1","Hjr9sFSdUEW1RVpR09mV","7","Lactophrys quadricornis","Wikimedia Commons","42645380","File:FMIB 51557 Skeleton of the Cow-fish, Lactophrys tricornis (Linnaeus).jpeg","https://commons.wikimedia.org/wiki/?curid=42645380","https://upload.wikimedia.org/wikipedia/commons/2/2c/FMIB_51557_Skeleton_of_the_Cow-fish%2C_Lactophrys_tricornis_%28Linnaeus%29.jpeg?utm_source=commons.wikimedia.org&utm_campaign=imageinfo&utm_content=original","David Starr Jordan","Public domain","","Commons item extmetadata; exact file-page review still required","PHOTOGRAPH_CANDIDATE","OTHER","david-starr-jordan__fmib-skeleton-of-the-cow-fish-lactophrys-tricornis-linnaeus","ENHANCED_REVIEW","EXCLUDE_NON_FIELD_ARTIFACT","PENDING","PENDING","Jordan, David Starr (1907) Fishes , New York City, NY: Henry Holt and Company Skeleton of the Cow-fish, Lactophrys tricornis (Linnaeus) Subject: Tetraodontiformes, Boxfish Tag: Fish"
"pocv2f-wc-42741202-c1","1","Hjr9sFSdUEW1RVpR09mV","7","Lactophrys quadricornis","Wikimedia Commons","42741202","File:FMIB 38068 Lactophrys tricornis (Linnaeus) Toro; Cow-fish.jpeg","https://commons.wikimedia.org/wiki/?curid=42741202","https://upload.wikimedia.org/wikipedia/commons/6/6b/FMIB_38068_Lactophrys_tricornis_%28Linnaeus%29_Toro%3B_Cow-fish.jpeg?utm_source=commons.wikimedia.org&utm_campaign=imageinfo&utm_content=original","Barton Warren Evermann / Millard Caleb Marsh","Public domain","","Commons item extmetadata; exact file-page review still required","PHOTOGRAPH_CANDIDATE","OTHER","barton-warren-evermann-millard-caleb-marsh__fmib-lactophrys-tricornis-linnaeus-toro-cow-fish","ENHANCED_REVIEW","EXCLUDE_NON_FIELD_ARTIFACT","PENDING","PENDING","Everman, Barton W .; Marsh, Millard C. (1902) Fishes of Porto Rico , Bulletin of the United States Fish Commission, v.20, pt.1, for 1900, Washington, D.C. : Government Printing Office Lactophrys tricornis (Linnaeus). Toro; Cow-fish Subject: Lactophrys, Osteichthyes Tag: Fish"
"pocv2f-wc-42981871-c1","1","Hjr9sFSdUEW1RVpR09mV","7","Lactophrys quadricornis","Wikimedia Commons","42981871","File:FMIB 50874 Trunk-Fish or Cow-Fish.jpeg","https://commons.wikimedia.org/wiki/?curid=42981871","https://upload.wikimedia.org/wikipedia/commons/b/b7/FMIB_50874_Trunk-Fish_or_Cow-Fish.jpeg?utm_source=commons.wikimedia.org&utm_campaign=imageinfo&utm_content=original","H. L. Todd","Public domain","","Commons item extmetadata; exact file-page review still required","PHOTOGRAPH_CANDIDATE","OTHER","h-l-todd__fmib-trunk-fish-or-cow-fish","ENHANCED_REVIEW","EXCLUDE_NON_FIELD_ARTIFACT","PENDING","PENDING","Goode, George Brown (1884) Fisheries and Fishery Industries of the United States: Section I, Natural History of Useful Aquatic Animals, Plates , Washington, D.C. : Government Printing Office Trunk-Fish or Cow-Fish Ostracion quadricornis L. Subject: Tetraodontiformes, Ostracion Tag: Fish"
"pocv2f-wc-43022622-c1","1","Hjr9sFSdUEW1RVpR09mV","7","Lactophrys quadricornis","Wikimedia Commons","43022622","File:FMIB 52090 Horned Trunkfish, Cowfish, or Cuckold Lactophrys tricornis (Linnaeus) Charleston S C.jpeg","https://commons.wikimedia.org/wiki/?curid=43022622","https://upload.wikimedia.org/wikipedia/commons/e/e2/FMIB_52090_Horned_Trunkfish%2C_Cowfish%2C_or_Cuckold_Lactophrys_tricornis_%28Linnaeus%29_Charleston_S_C.jpeg?utm_source=commons.wikimedia.org&utm_campaign=imageinfo&utm_content=original","David Starr Jordan","Public domain","","Commons item extmetadata; exact file-page review still required","PHOTOGRAPH_CANDIDATE","OTHER","david-starr-jordan__fmib-horned-trunkfish-cowfish-or-cuckold-lactophrys-tricornis-linnaeus-charleston-s-c","ENHANCED_REVIEW","EXCLUDE_NON_FIELD_ARTIFACT","PENDING","PENDING","Jordan, David Starr (1907) Fishes , New York City, NY: Henry Holt and Company Horned Trunkfish, Cowfish, or Cuckold. Lactophrys tricornis (Linnaeus). Charleston S. C. Subject: Tetraodontiformes Tag: Fish"
"pocv2f-wc-43022696-c1","1","Hjr9sFSdUEW1RVpR09mV","7","Lactophrys quadricornis","Wikimedia Commons","43022696","File:FMIB 52096 Skeleton of the Cowfish, Lactophrys tricornis (Linnaeus).jpeg","https://commons.wikimedia.org/wiki/?curid=43022696","https://upload.wikimedia.org/wikipedia/commons/6/60/FMIB_52096_Skeleton_of_the_Cowfish%2C_Lactophrys_tricornis_%28Linnaeus%29.jpeg?utm_source=commons.wikimedia.org&utm_campaign=imageinfo&utm_content=original","David Starr Jordan","Public domain","","Commons item extmetadata; exact file-page review still required","PHOTOGRAPH_CANDIDATE","OTHER","david-starr-jordan__fmib-skeleton-of-the-cowfish-lactophrys-tricornis-linnaeus","ENHANCED_REVIEW","EXCLUDE_NON_FIELD_ARTIFACT","PENDING","PENDING","Jordan, David Starr (1907) Fishes , New York City, NY: Henry Holt and Company Skeleton of the Cowfish, Lactophrys tricornis (Linnaeus) Subject: Tetraodontiformes--Anatomy Tag: Fish"
"pocv2f-wc-43094507-c1","1","Hjr9sFSdUEW1RVpR09mV","7","Lactophrys quadricornis","Wikimedia Commons","43094507","File:Gemeinnüzzige Naturgeschichte des Thierreichs (Amph- XVIII) (5988323482).jpg","https://commons.wikimedia.org/wiki/?curid=43094507","https://upload.wikimedia.org/wikipedia/commons/1/17/Gemeinn%C3%BCzzige_Naturgeschichte_des_Thierreichs_%28Amph-_XVIII%29_%285988323482%29.jpg?utm_source=commons.wikimedia.org&utm_campaign=imageinfo&utm_content=original","Borowski, Georg Heinrich; Herbst, Johann Friedrich Wilhelm; Sotzmann, D. F.","Public domain","","Commons item extmetadata; exact file-page review still required","PHOTOGRAPH_CANDIDATE","OTHER","borowski-georg-heinrich-herbst-johann-friedrich-wilhelm-sotzmann-d-f__gemeinn-zzige-naturgeschichte-des-thierreichs-amph-xviii","ENHANCED_REVIEW","EXCLUDE_NON_FIELD_ARTIFACT","PENDING","PENDING","https://www.flickr.com/photos/biodivlibrary/5988323482 AmpJx .XHH . Oitracion Oiiadricorni^,Liim, JL) & r 'JeetyiicAcjucJi/. J7Z"
"pocv2f-wc-43205183-c1","1","Hjr9sFSdUEW1RVpR09mV","7","Lactophrys quadricornis","Wikimedia Commons","43205183","File:Ichthyologie; ou, Histoire naturelle des poissons (Plate 134) (6918391906).jpg","https://commons.wikimedia.org/wiki/?curid=43205183","https://upload.wikimedia.org/wikipedia/commons/9/9d/Ichthyologie%3B_ou%2C_Histoire_naturelle_des_poissons_%28Plate_134%29_%286918391906%29.jpg?utm_source=commons.wikimedia.org&utm_campaign=imageinfo&utm_content=original","Bloch, Marcus Elieser","Public domain","","Commons item extmetadata; exact file-page review still required","PHOTOGRAPH_CANDIDATE","OTHER","bloch-marcus-elieser__ichthyologie-ou-histoire-naturelle-des-poissons-plate","ENHANCED_REVIEW","EXCLUDE_NON_FIELD_ARTIFACT","PENDING","PENDING","https://www.flickr.com/photos/biodivlibrary/6918391906 Acanthostracion quadricornis syn. Ostracion quadricornis"
"pocv2f-wc-43266462-c1","1","Hjr9sFSdUEW1RVpR09mV","7","Lactophrys quadricornis","Wikimedia Commons","43266462","File:FMIB 40098 Ostracion tricorne Linnaeus Cowfish Charleston, South Carolina.jpeg","https://commons.wikimedia.org/wiki/?curid=43266462","https://upload.wikimedia.org/wikipedia/commons/d/de/FMIB_40098_Ostracion_tricorne_Linnaeus_Cowfish_Charleston%2C_South_Carolina.jpeg?utm_source=commons.wikimedia.org&utm_campaign=imageinfo&utm_content=original","Barton Warren Evermann / William Converse Kendall","Public domain","","Commons item extmetadata; exact file-page review still required","PHOTOGRAPH_CANDIDATE","OTHER","barton-warren-evermann-william-converse-kendall__fmib-ostracion-tricorne-linnaeus-cowfish-charleston-south-carolina","ENHANCED_REVIEW","EXCLUDE_NON_FIELD_ARTIFACT","PENDING","PENDING","Evermann, Barton W .; Kendall, William C. (1894) Fishes of Texas and the Rio Grande Basin, Considered Chiefly with Reference to Their Geographic Distribution , Bulletin of the United States Fish Commission, vol.12, 1892, Washington, D.C. : Government Printing Office Ostracion tricorne Linnaeus. Cowfish. Charleston, South Carolina Subject: Ostracion, Cowfishes Tag: Fish"
"pocv2f-wc-44562382-c1","1","Hjr9sFSdUEW1RVpR09mV","7","Lactophrys quadricornis","Wikimedia Commons","44562382","File:American food and game fishes (Plate (73)) BHL8309169.jpg","https://commons.wikimedia.org/wiki/?curid=44562382","https://upload.wikimedia.org/wikipedia/commons/b/b8/American_food_and_game_fishes_%28Plate_%2873%29%29_BHL8309169.jpg?utm_source=commons.wikimedia.org&utm_campaign=imageinfo&utm_content=original","Dugmore, A. Radclyffe; Evermann, Barton Warren; Jordan, David Starr","Public domain","","Commons item extmetadata; exact file-page review still required","PHOTOGRAPH_CANDIDATE","OTHER","dugmore-a-radclyffe-evermann-barton-warren-jordan-david-starr__american-food-and-game-fishes-plate-bhl","ENHANCED_REVIEW","EXCLUDE_NON_FIELD_ARTIFACT","PENDING","PENDING","https://www.biodiversitylibrary.org/pageimage/8309169 American food and game fishes : a popular account of all the species found in America north of the Equator, with keys for ready identification, life histories and methods of capture / by David Starr Jordan and Barton Warren Evermann ; illustrated with colored plates and text drawings, and with photographs from life by A. Radclyffe Dugmore."
"pocv2f-wc-45439850-c1","1","Hjr9sFSdUEW1RVpR09mV","7","Lactophrys quadricornis","Wikimedia Commons","45439850","File:Scrawled Cowfish (16097929275).jpg","https://commons.wikimedia.org/wiki/?curid=45439850","https://upload.wikimedia.org/wikipedia/commons/c/c2/Scrawled_Cowfish_%2816097929275%29.jpg?utm_source=commons.wikimedia.org&utm_campaign=imageinfo&utm_content=original","Roban Kramer","CC BY-SA 2.0","https://creativecommons.org/licenses/by-sa/2.0","Commons item extmetadata; exact file-page review still required","PHOTOGRAPH_CANDIDATE","OTHER","roban-kramer__scrawled-cowfish","ENHANCED_REVIEW","EXCLUDE_LICENSE","PENDING","PENDING","Scrawled Cowfish This fish was quite shy, always keeping its head angled away."
"pocv2f-wc-46942459-c1","1","Hjr9sFSdUEW1RVpR09mV","7","Lactophrys quadricornis","Wikimedia Commons","46942459","File:Ostracion quadricornis, Sammlung Schloss Bevern, 17th century - Naturhistorisches Museum, Braunschweig, Germany - DSC05012.JPG","https://commons.wikimedia.org/wiki/?curid=46942459","https://upload.wikimedia.org/wikipedia/commons/c/c8/Ostracion_quadricornis%2C_Sammlung_Schloss_Bevern%2C_17th_century_-_Naturhistorisches_Museum%2C_Braunschweig%2C_Germany_-_DSC05012.JPG?utm_source=commons.wikimedia.org&utm_campaign=imageinfo&utm_content=original","Daderot","CC0","http://creativecommons.org/publicdomain/zero/1.0/deed.en","Commons item extmetadata; exact file-page review still required","PHOTOGRAPH_CANDIDATE","CONTROLLED_REFERENCE","daderot__ostracion-quadricornis-sammlung-schloss-bevern-th-century-naturhistorisches-museum-braunschweig-germany","ENHANCED_REVIEW","PLAUSIBLE","PENDING","PENDING","Own work Exhibit in the Naturhistorisches Museum, Braunschweig, Germany."
"pocv2f-wc-4914105-c1","1","Hjr9sFSdUEW1RVpR09mV","7","Lactophrys quadricornis","Wikimedia Commons","4914105","File:Четырехрогий кузовок.jpg","https://commons.wikimedia.org/wiki/?curid=4914105","https://upload.wikimedia.org/wikipedia/commons/e/e3/%D0%A7%D0%B5%D1%82%D1%8B%D1%80%D0%B5%D1%85%D1%80%D0%BE%D0%B3%D0%B8%D0%B9_%D0%BA%D1%83%D0%B7%D0%BE%D0%B2%D0%BE%D0%BA.jpg?utm_source=commons.wikimedia.org&utm_campaign=imageinfo&utm_content=original","Andrey Butko","CC BY-SA 3.0","https://creativecommons.org/licenses/by-sa/3.0","Commons item extmetadata; exact file-page review still required","PHOTOGRAPH_CANDIDATE","OTHER","andrey-butko__untitled","ENHANCED_REVIEW","EXCLUDE_LICENSE","PENDING","PENDING","Own work Зоологический музей в Санкт-Петербурге. Четырехрогий кузовок"
"pocv2f-wc-52285895-c1","1","Hjr9sFSdUEW1RVpR09mV","7","Lactophrys quadricornis","Wikimedia Commons","52285895","File:Ostracion Quadricornis, The Cuckold-fish (NYPL b13637086-403972).tiff","https://commons.wikimedia.org/wiki/?curid=52285895","https://upload.wikimedia.org/wikipedia/commons/5/53/Ostracion_Quadricornis%2C_The_Cuckold-fish_%28NYPL_b13637086-403972%29.tiff?utm_source=commons.wikimedia.org&utm_campaign=imageinfo&utm_content=original","chez l'auteur; [etc., etc.,]","Public domain","","Commons item extmetadata; exact file-page review still required","PHOTOGRAPH_CANDIDATE","OTHER","chez-l-auteur-etc-etc__ostracion-quadricornis-the-cuckold-fish-nypl-b","ENHANCED_REVIEW","PLAUSIBLE","PENDING","PENDING","https://digitalcollections.nypl.org/items/510d47da-6972-a3d9-e040-e00a18064a99 * Gross, 1994, #120"
"pocv2f-wc-54964573-c1","1","Hjr9sFSdUEW1RVpR09mV","7","Lactophrys quadricornis","Wikimedia Commons","54964573","File:Ostracion quadricornis - 1700-1880 - Print - Iconographia Zoologica - Special Collections University of Amsterdam - UBA01 IZ15400213.tif","https://commons.wikimedia.org/wiki/?curid=54964573","https://upload.wikimedia.org/wikipedia/commons/2/2f/Ostracion_quadricornis_-_1700-1880_-_Print_-_Iconographia_Zoologica_-_Special_Collections_University_of_Amsterdam_-_UBA01_IZ15400213.tif?utm_source=commons.wikimedia.org&utm_campaign=imageinfo&utm_content=original","","Public domain","","Commons item extmetadata; exact file-page review still required","PHOTOGRAPH_CANDIDATE","AQUARIUM","unknown__ostracion-quadricornis-print-iconographia-zoologica-special-collections-university-of-amsterdam-uba-iz","ENHANCED_REVIEW","EXCLUDE_NON_FIELD_ARTIFACT","PENDING","PENDING","Iconographia Zoologica Acanthostracion quadricornis syn. Ostracion quadricornis"
"pocv2f-wc-54964576-c1","1","Hjr9sFSdUEW1RVpR09mV","7","Lactophrys quadricornis","Wikimedia Commons","54964576","File:Ostracion quadricornis - 1700-1880 - Print - Iconographia Zoologica - Special Collections University of Amsterdam - UBA01 IZ15400211.tif","https://commons.wikimedia.org/wiki/?curid=54964576","https://upload.wikimedia.org/wikipedia/commons/a/a9/Ostracion_quadricornis_-_1700-1880_-_Print_-_Iconographia_Zoologica_-_Special_Collections_University_of_Amsterdam_-_UBA01_IZ15400211.tif?utm_source=commons.wikimedia.org&utm_campaign=imageinfo&utm_content=original","","Public domain","","Commons item extmetadata; exact file-page review still required","PHOTOGRAPH_CANDIDATE","AQUARIUM","unknown__ostracion-quadricornis-print-iconographia-zoologica-special-collections-university-of-amsterdam-uba-iz","ENHANCED_REVIEW","EXCLUDE_NON_FIELD_ARTIFACT","PENDING","PENDING","Iconographia Zoologica Acanthostracion quadricornis syn. Ostracion quadricornis"
"pocv2f-wc-615570-c1","1","Hjr9sFSdUEW1RVpR09mV","7","Lactophrys quadricornis","Wikimedia Commons","615570","File:Ostracion quadricornis.jpg","https://commons.wikimedia.org/wiki/?curid=615570","https://upload.wikimedia.org/wikipedia/commons/7/7f/Ostracion_quadricornis.jpg?utm_source=commons.wikimedia.org&utm_campaign=imageinfo&utm_content=original","NOAA","Public domain","","Commons item extmetadata; exact file-page review still required","PHOTOGRAPH_CANDIDATE","OTHER","noaa__ostracion-quadricornis","ENHANCED_REVIEW","PLAUSIBLE","PENDING","PENDING","http://www.photolib.noaa.gov/historic/nmfs/figb0293.htm Acanthostracion quadricornis syn. Ostracion quadricornis"
"pocv2f-wc-665972-c1","1","Hjr9sFSdUEW1RVpR09mV","7","Lactophrys quadricornis","Wikimedia Commons","665972","File:Acanthostracion quadricornis.jpg","https://commons.wikimedia.org/wiki/?curid=665972","https://upload.wikimedia.org/wikipedia/commons/3/36/Acanthostracion_quadricornis.jpg?utm_source=commons.wikimedia.org&utm_campaign=imageinfo&utm_content=original","Ernst Haeckel","Public domain","","Commons item extmetadata; exact file-page review still required","PHOTOGRAPH_CANDIDATE","OTHER","ernst-haeckel__acanthostracion-quadricornis","ENHANCED_REVIEW","EXCLUDE_NON_FIELD_ARTIFACT","PENDING","PENDING","From plate 42 of Ernst Haeckel 's Kunstformen der Natur Scrawled Cowfish"
"pocv2f-wc-7866571-c1","1","Hjr9sFSdUEW1RVpR09mV","7","Lactophrys quadricornis","Wikimedia Commons","7866571","File:Scrawledcowfish.jpg","https://commons.wikimedia.org/wiki/?curid=7866571","https://upload.wikimedia.org/wikipedia/commons/3/33/Scrawledcowfish.jpg?utm_source=commons.wikimedia.org&utm_campaign=imageinfo&utm_content=original","Florentny Florent Charpin","CC BY 3.0","https://creativecommons.org/licenses/by/3.0","Commons item extmetadata; exact file-page review still required","PHOTOGRAPH_CANDIDATE","OTHER","florentny-florent-charpin__scrawledcowfish","ENHANCED_REVIEW","PLAUSIBLE","PENDING","PENDING","Own work Scrawled Cowfish ( Acanthostracion quadricornis )"
"pocv2f-wc-9997351-c1","1","Hjr9sFSdUEW1RVpR09mV","7","Lactophrys quadricornis","Wikimedia Commons","9997351","File:Juvie Acanthostracion quadricornis.jpg","https://commons.wikimedia.org/wiki/?curid=9997351","https://upload.wikimedia.org/wikipedia/commons/f/fc/Juvie_Acanthostracion_quadricornis.jpg?utm_source=commons.wikimedia.org&utm_campaign=imageinfo&utm_content=original","Barry Peters`","CC BY 2.0","https://creativecommons.org/licenses/by/2.0","Commons item extmetadata; exact file-page review still required","PHOTOGRAPH_CANDIDATE","OTHER","barry-peters__juvie-acanthostracion-quadricornis","ENHANCED_REVIEW","PLAUSIBLE","PENDING","PENDING","originally posted to Flickr as [1] Juvie trunkfish ( Acanthostracion quadricornis )"
"pocv2f-wc-107156136-c2","2","RO2iuTVLAX11dy3aNgdf","15","Haemulon plumieri","Wikimedia Commons","107156136","File:Haemulon plumierii - Reef1863.jpg","https://commons.wikimedia.org/wiki/?curid=107156136","https://upload.wikimedia.org/wikipedia/commons/f/fb/Haemulon_plumierii_-_Reef1863.jpg?utm_source=commons.wikimedia.org&utm_campaign=imageinfo&utm_content=original","NOAA Photo Library","CC BY 2.0","https://creativecommons.org/licenses/by/2.0","Commons item extmetadata; exact file-page review still required","PHOTOGRAPH_CANDIDATE","NATURAL_UNDERWATER","noaa-photo-library__haemulon-plumierii-reef","ENHANCED_REVIEW","PLAUSIBLE","PENDING","PENDING","https://www.flickr.com/photos/noaaphotolib/9731056663/ White grunt (Haemulon plumierii) Image ID: reef1863, NOAA's Coral Kingdom Collection Location: U.S. Virgin Islands, St. John Photo Date: 2005 July Credit: NOAA CCMA Biogeography Team"
"pocv2f-wc-107261643-c2","2","RO2iuTVLAX11dy3aNgdf","15","Haemulon plumieri","Wikimedia Commons","107261643","File:Haemulon plumierii Florida Keys.jpg","https://commons.wikimedia.org/wiki/?curid=107261643","https://upload.wikimedia.org/wikipedia/commons/0/06/Haemulon_plumierii_Florida_Keys.jpg?utm_source=commons.wikimedia.org&utm_campaign=imageinfo&utm_content=original","zygy","CC0","http://creativecommons.org/publicdomain/zero/1.0/deed.en","Commons item extmetadata; exact file-page review still required","PHOTOGRAPH_CANDIDATE","OTHER","zygy__haemulon-plumierii-florida-keys","ENHANCED_REVIEW","EXCLUDE_PROHIBITED_ORIGIN","PENDING","PENDING","https://www.inaturalist.org/photos/109600017 Haemulon plumierii , Looe Key, Florida Keys, Florida, USA"
"pocv2f-wc-107261752-c2","2","RO2iuTVLAX11dy3aNgdf","15","Haemulon plumieri","Wikimedia Commons","107261752","File:Haemulon plumierii head.jpg","https://commons.wikimedia.org/wiki/?curid=107261752","https://upload.wikimedia.org/wikipedia/commons/2/21/Haemulon_plumierii_head.jpg?utm_source=commons.wikimedia.org&utm_campaign=imageinfo&utm_content=original","tkirk304","CC BY 4.0","https://creativecommons.org/licenses/by/4.0","Commons item extmetadata; exact file-page review still required","PHOTOGRAPH_CANDIDATE","OTHER","tkirk304__haemulon-plumierii-head","ENHANCED_REVIEW","EXCLUDE_PROHIBITED_ORIGIN","PENDING","PENDING","https://www.inaturalist.org/photos/119308725 Haemulon plumieri , Biscayne Bay, Miami Beach, Florida, USA"
"pocv2f-wc-107261847-c2","2","RO2iuTVLAX11dy3aNgdf","15","Haemulon plumieri","Wikimedia Commons","107261847","File:Haemulon plumierii juvenile.jpg","https://commons.wikimedia.org/wiki/?curid=107261847","https://upload.wikimedia.org/wikipedia/commons/b/b3/Haemulon_plumierii_juvenile.jpg?utm_source=commons.wikimedia.org&utm_campaign=imageinfo&utm_content=original","Joao Lucas Feitosa","CC BY 3.0","https://creativecommons.org/licenses/by/3.0","Commons item extmetadata; exact file-page review still required","PHOTOGRAPH_CANDIDATE","OTHER","joao-lucas-feitosa__haemulon-plumierii-juvenile","ENHANCED_REVIEW","PLAUSIBLE","PENDING","PENDING","http://www.fishbase.us/photos/ThumbnailsSummary.php?ID=1140# Haemulon plumierii , Tamandare, Pernambuco, Brasil 02 05 2009, 8 cm, juvenile"
"pocv2f-wc-115032129-c2","2","RO2iuTVLAX11dy3aNgdf","15","Haemulon plumieri","Wikimedia Commons","115032129","File:Haemulon aurolineatum 220206.jpg","https://commons.wikimedia.org/wiki/?curid=115032129","https://upload.wikimedia.org/wikipedia/commons/3/3f/Haemulon_aurolineatum_220206.jpg?utm_source=commons.wikimedia.org&utm_campaign=imageinfo&utm_content=original","Pc.wiki4","CC BY-SA 4.0","https://creativecommons.org/licenses/by-sa/4.0","Commons item extmetadata; exact file-page review still required","PHOTOGRAPH_CANDIDATE","OTHER","pc-wiki4__haemulon-aurolineatum","ENHANCED_REVIEW","EXCLUDE_LICENSE","PENDING","PENDING","Own work Haemulon aurolineatum (tomtate). Haemulon plumierii (common grunt). Location: Bayahibe, Dominican Republic."
"pocv2f-wc-1168163-c2","2","RO2iuTVLAX11dy3aNgdf","15","Haemulon plumieri","Wikimedia Commons","1168163","File:White grunt.jpg","https://commons.wikimedia.org/wiki/?curid=1168163","https://upload.wikimedia.org/wikipedia/commons/5/5b/White_grunt.jpg?utm_source=commons.wikimedia.org&utm_campaign=imageinfo&utm_content=original","","Public domain","","Commons item extmetadata; exact file-page review still required","PHOTOGRAPH_CANDIDATE","OTHER","unknown__white-grunt","ENHANCED_REVIEW","PLAUSIBLE","PENDING","PENDING","http://www.epa.gov/bioiweb1/images/fish/white_grunt_balt_IMG_3084_web.JPG White grunt ( Haemulon plumieri )"
"pocv2f-wc-168216241-c2","2","RO2iuTVLAX11dy3aNgdf","15","Haemulon plumieri","Wikimedia Commons","168216241","File:White Grunt, Florida Keys.jpg","https://commons.wikimedia.org/wiki/?curid=168216241","https://upload.wikimedia.org/wikipedia/commons/a/ac/White_Grunt%2C_Florida_Keys.jpg?utm_source=commons.wikimedia.org&utm_campaign=imageinfo&utm_content=original","Eltonatlarge","CC BY-SA 4.0","https://creativecommons.org/licenses/by-sa/4.0","Commons item extmetadata; exact file-page review still required","PHOTOGRAPH_CANDIDATE","NATURAL_UNDERWATER","eltonatlarge__white-grunt-florida-keys","ENHANCED_REVIEW","EXCLUDE_LICENSE","PENDING","PENDING","Own work A white grunt at a coral reef in the Florida Keys National Marine Sanctuary"
"pocv2f-wc-177820637-c2","2","RO2iuTVLAX11dy3aNgdf","15","Haemulon plumieri","Wikimedia Commons","177820637","File:Haemulon plumierii 458905631.jpg","https://commons.wikimedia.org/wiki/?curid=177820637","https://upload.wikimedia.org/wikipedia/commons/9/96/Haemulon_plumierii_458905631.jpg?utm_source=commons.wikimedia.org&utm_campaign=imageinfo&utm_content=original","Quinn","CC BY 4.0","https://creativecommons.org/licenses/by/4.0","Commons item extmetadata; exact file-page review still required","PHOTOGRAPH_CANDIDATE","OTHER","quinn__haemulon-plumierii","ENHANCED_REVIEW","EXCLUDE_PROHIBITED_ORIGIN","PENDING","PENDING","https://www.inaturalist.org/photos/458905631 White Grunt ( Haemulon plumierii ) in the United States"
"pocv2f-wc-177820727-c2","2","RO2iuTVLAX11dy3aNgdf","15","Haemulon plumieri","Wikimedia Commons","177820727","File:Haemulon plumierii 585971417.jpg","https://commons.wikimedia.org/wiki/?curid=177820727","https://upload.wikimedia.org/wikipedia/commons/5/55/Haemulon_plumierii_585971417.jpg?utm_source=commons.wikimedia.org&utm_campaign=imageinfo&utm_content=original","Jan Ebr & Ivana Ebrová","CC BY 4.0","https://creativecommons.org/licenses/by/4.0","Commons item extmetadata; exact file-page review still required","PHOTOGRAPH_CANDIDATE","OTHER","jan-ebr-ivana-ebrov__haemulon-plumierii","ENHANCED_REVIEW","EXCLUDE_PROHIBITED_ORIGIN","PENDING","PENDING","https://www.inaturalist.org/photos/585971417 White Grunt ( Haemulon plumierii ) in Mexico"
"pocv2f-wc-19381641-c2","2","RO2iuTVLAX11dy3aNgdf","15","Haemulon plumieri","Wikimedia Commons","19381641","File:Haemulon plumierii.jpg","https://commons.wikimedia.org/wiki/?curid=19381641","https://upload.wikimedia.org/wikipedia/commons/5/5a/Haemulon_plumierii.jpg?utm_source=commons.wikimedia.org&utm_campaign=imageinfo&utm_content=original","Fernando Herranz Martín","GPL","http://www.gnu.org/licenses/gpl.html","Commons item extmetadata; exact file-page review still required","PHOTOGRAPH_CANDIDATE","OTHER","fernando-herranz-mart-n__haemulon-plumierii","ENHANCED_REVIEW","EXCLUDE_LICENSE","PENDING","PENDING","This image is uploaded as image number 6402 at Animalandia at Educa Madrid , a source of photographs of animals. This tag does not indicate the copyright status of the attached work. A normal copyright tag is still required. See Commons:Licensing . Haemulon plumierii Procedencia: Cuba. Isla Juventud. Paraíso de Mucki"
"pocv2f-wc-194793058-c2","2","RO2iuTVLAX11dy3aNgdf","15","Haemulon plumieri","Wikimedia Commons","194793058","File:Chac-Chí (Haemulon plumierii), San Pedro, Belice, 2025-12-17, DD 107.jpg","https://commons.wikimedia.org/wiki/?curid=194793058","https://upload.wikimedia.org/wikipedia/commons/6/68/Chac-Ch%C3%AD_%28Haemulon_plumierii%29%2C_San_Pedro%2C_Belice%2C_2025-12-17%2C_DD_107.jpg?utm_source=commons.wikimedia.org&utm_campaign=imageinfo&utm_content=original","Diego Delso","CC BY-SA 4.0","https://creativecommons.org/licenses/by-sa/4.0","Commons item extmetadata; exact file-page review still required","PHOTOGRAPH_CANDIDATE","OTHER","diego-delso__chac-ch-haemulon-plumierii-san-pedro-belice","ENHANCED_REVIEW","EXCLUDE_LICENSE","PENDING","PENDING","Own work White grunt ( Haemulon plumierii ), San Pedro, Belize"
"pocv2f-wc-194793061-c2","2","RO2iuTVLAX11dy3aNgdf","15","Haemulon plumieri","Wikimedia Commons","194793061","File:Chac-Chí (Haemulon plumierii), San Pedro, Belice, 2025-12-17, DD 149.jpg","https://commons.wikimedia.org/wiki/?curid=194793061","https://upload.wikimedia.org/wikipedia/commons/2/26/Chac-Ch%C3%AD_%28Haemulon_plumierii%29%2C_San_Pedro%2C_Belice%2C_2025-12-17%2C_DD_149.jpg?utm_source=commons.wikimedia.org&utm_campaign=imageinfo&utm_content=original","Diego Delso","CC BY-SA 4.0","https://creativecommons.org/licenses/by-sa/4.0","Commons item extmetadata; exact file-page review still required","PHOTOGRAPH_CANDIDATE","OTHER","diego-delso__chac-ch-haemulon-plumierii-san-pedro-belice","ENHANCED_REVIEW","EXCLUDE_LICENSE","PENDING","PENDING","Own work White grunt ( Haemulon plumierii ), San Pedro, Belize"
"pocv2f-wc-194793062-c2","2","RO2iuTVLAX11dy3aNgdf","15","Haemulon plumieri","Wikimedia Commons","194793062","File:Chac-Chí (Haemulon plumierii), San Pedro, Belice, 2025-12-17, DD 148.jpg","https://commons.wikimedia.org/wiki/?curid=194793062","https://upload.wikimedia.org/wikipedia/commons/0/07/Chac-Ch%C3%AD_%28Haemulon_plumierii%29%2C_San_Pedro%2C_Belice%2C_2025-12-17%2C_DD_148.jpg?utm_source=commons.wikimedia.org&utm_campaign=imageinfo&utm_content=original","Diego Delso","CC BY-SA 4.0","https://creativecommons.org/licenses/by-sa/4.0","Commons item extmetadata; exact file-page review still required","PHOTOGRAPH_CANDIDATE","OTHER","diego-delso__chac-ch-haemulon-plumierii-san-pedro-belice","ENHANCED_REVIEW","EXCLUDE_LICENSE","PENDING","PENDING","Own work White grunt ( Haemulon plumierii ), San Pedro, Belize"
"pocv2f-wc-195586103-c2","2","RO2iuTVLAX11dy3aNgdf","15","Haemulon plumieri","Wikimedia Commons","195586103","File:Chac-Chí (Haemulon plumierii), Cozumel, México, 2025-12-20, DD 49.jpg","https://commons.wikimedia.org/wiki/?curid=195586103","https://upload.wikimedia.org/wikipedia/commons/2/20/Chac-Ch%C3%AD_%28Haemulon_plumierii%29%2C_Cozumel%2C_M%C3%A9xico%2C_2025-12-20%2C_DD_49.jpg?utm_source=commons.wikimedia.org&utm_campaign=imageinfo&utm_content=original","Diego Delso","CC BY-SA 4.0","https://creativecommons.org/licenses/by-sa/4.0","Commons item extmetadata; exact file-page review still required","PHOTOGRAPH_CANDIDATE","OTHER","diego-delso__chac-ch-haemulon-plumierii-cozumel-m-xico","ENHANCED_REVIEW","EXCLUDE_LICENSE","PENDING","PENDING","Own work White grunt ( Haemulon plumierii ), Cozumel, Mexico"
"pocv2f-wc-195586104-c2","2","RO2iuTVLAX11dy3aNgdf","15","Haemulon plumieri","Wikimedia Commons","195586104","File:Chac-Chí (Haemulon plumierii), Cozumel, México, 2025-12-20, DD 09.jpg","https://commons.wikimedia.org/wiki/?curid=195586104","https://upload.wikimedia.org/wikipedia/commons/0/04/Chac-Ch%C3%AD_%28Haemulon_plumierii%29%2C_Cozumel%2C_M%C3%A9xico%2C_2025-12-20%2C_DD_09.jpg?utm_source=commons.wikimedia.org&utm_campaign=imageinfo&utm_content=original","Diego Delso","CC BY-SA 4.0","https://creativecommons.org/licenses/by-sa/4.0","Commons item extmetadata; exact file-page review still required","PHOTOGRAPH_CANDIDATE","OTHER","diego-delso__chac-ch-haemulon-plumierii-cozumel-m-xico","ENHANCED_REVIEW","EXCLUDE_LICENSE","PENDING","PENDING","Own work White grunt ( Haemulon plumierii ), Cozumel, Mexico"
"pocv2f-wc-21415569-c2","2","RO2iuTVLAX11dy3aNgdf","15","Haemulon plumieri","Wikimedia Commons","21415569","File:White Grunt (5658507044).jpg","https://commons.wikimedia.org/wiki/?curid=21415569","https://upload.wikimedia.org/wikipedia/commons/5/58/White_Grunt_%285658507044%29.jpg?utm_source=commons.wikimedia.org&utm_campaign=imageinfo&utm_content=original","Andy Blackledge","CC BY 2.0","https://creativecommons.org/licenses/by/2.0","Commons item extmetadata; exact file-page review still required","PHOTOGRAPH_CANDIDATE","OTHER","andy-blackledge__white-grunt","ENHANCED_REVIEW","PLAUSIBLE","PENDING","PENDING","P4150114 Uploaded by Magnus Manske White grunt"
"pocv2f-wc-26195301-c2","2","RO2iuTVLAX11dy3aNgdf","15","Haemulon plumieri","Wikimedia Commons","26195301","File:Cuisine of Margarita Island 2.jpg","https://commons.wikimedia.org/wiki/?curid=26195301","https://upload.wikimedia.org/wikipedia/commons/9/99/Cuisine_of_Margarita_Island_2.jpg?utm_source=commons.wikimedia.org&utm_campaign=imageinfo&utm_content=original","Wilfredor","CC0","http://creativecommons.org/publicdomain/zero/1.0/deed.en","Commons item extmetadata; exact file-page review still required","PHOTOGRAPH_CANDIDATE","OTHER","wilfredor__cuisine-of-margarita-island","ENHANCED_REVIEW","PLAUSIBLE","PENDING","PENDING","Own work White Grunt with rice and salad, dish of the cuisine of Margarita Island, Venezuela"
"pocv2f-wc-26604495-c2","2","RO2iuTVLAX11dy3aNgdf","15","Haemulon plumieri","Wikimedia Commons","26604495","File:Fishing in El Manglillo Bay, Margarita Island 15.jpg","https://commons.wikimedia.org/wiki/?curid=26604495","https://upload.wikimedia.org/wikipedia/commons/3/3d/Fishing_in_El_Manglillo_Bay%2C_Margarita_Island_15.jpg?utm_source=commons.wikimedia.org&utm_campaign=imageinfo&utm_content=original","Wilfredor","CC0","http://creativecommons.org/publicdomain/zero/1.0/deed.en","Commons item extmetadata; exact file-page review still required","PHOTOGRAPH_CANDIDATE","FIELD_CAUGHT_HELD","wilfredor__fishing-in-el-manglillo-bay-margarita-island","ENHANCED_REVIEW","PLAUSIBLE","PENDING","PENDING","Own work Fishing corocoro ( Haemulon plumieri ) in El Manglillo Bay, Margarita Island"
"pocv2f-wc-27506889-c2","2","RO2iuTVLAX11dy3aNgdf","15","Haemulon plumieri","Wikimedia Commons","27506889","File:Haemulon plumierii - pone.0010676.g093.png","https://commons.wikimedia.org/wiki/?curid=27506889","https://upload.wikimedia.org/wikipedia/commons/5/56/Haemulon_plumierii_-_pone.0010676.g093.png?utm_source=commons.wikimedia.org&utm_campaign=imageinfo&utm_content=original","Williams, J. T.; Carpenter, K. E.; Van Tassell, J. L.; Hoetjes, P.; Toller, W.; Etnoyer, P.; Smith, M.","CC BY 2.5","https://creativecommons.org/licenses/by/2.5","Commons item extmetadata; exact file-page review still required","PHOTOGRAPH_CANDIDATE","OTHER","williams-j-t-carpenter-k-e-van-tassell-j-l-hoetjes-p-toller-w-etnoyer-p-smith-m__haemulon-plumierii-pone-g","ENHANCED_REVIEW","PLAUSIBLE","PENDING","PENDING","Williams, J. T.; Carpenter, K. E.; Van Tassell, J. L.; Hoetjes, P.; Toller, W.; Etnoyer, P.; Smith, M. (2010). "" Biodiversity Assessment of the Fishes of Saba Bank Atoll, Netherlands Antilles "". PLoS ONE 5 (5): e10676. DOI : 10.1371/journal.pone.0010676 . PMID 20505760 . PMC : 2873961 . Haemulon plumierii (Lacepède, 1801)—white grunt, 244.7 mm SL. Photo by JT Williams."
"pocv2f-wc-32691076-c2","2","RO2iuTVLAX11dy3aNgdf","15","Haemulon plumieri","Wikimedia Commons","32691076","File:Haemulon plumierii in Madagascar Reef.jpg","https://commons.wikimedia.org/wiki/?curid=32691076","https://upload.wikimedia.org/wikipedia/commons/0/04/Haemulon_plumierii_in_Madagascar_Reef.jpg?utm_source=commons.wikimedia.org&utm_campaign=imageinfo&utm_content=original","Simões, N.; Zarco Perello, S.; Moreno Mendoza, R.","CC BY 4.0","https://creativecommons.org/licenses/by/4.0","Commons item extmetadata; exact file-page review still required","PHOTOGRAPH_CANDIDATE","NATURAL_UNDERWATER","sim-es-n-zarco-perello-s-moreno-mendoza-r__haemulon-plumierii-in-madagascar-reef","ENHANCED_REVIEW","PLAUSIBLE","PENDING","PENDING","Simões, N.; Zarco Perello, S.; Moreno Mendoza, R. (2014). ""Checklist of Fishes from Madagascar Reef, Campeche Bank, México"". Biodiversity Data Journal 2 : e1100. DOI : 10.3897/BDJ.2.e1100 . Haemulon plumierii in Madagascar Reef, Campeche Bank, Mexico"
"pocv2f-wc-33631256-c2","2","RO2iuTVLAX11dy3aNgdf","15","Haemulon plumieri","Wikimedia Commons","33631256","File:Gfp-white-grunt.jpg","https://commons.wikimedia.org/wiki/?curid=33631256","https://upload.wikimedia.org/wikipedia/commons/7/7c/Gfp-white-grunt.jpg?utm_source=commons.wikimedia.org&utm_campaign=imageinfo&utm_content=original","Yinan Chen","Public Domain","https://web.archive.org/web/20230926203737/https://creativecommons.org/licenses/publicdomain/","Commons item extmetadata; exact file-page review still required","PHOTOGRAPH_CANDIDATE","OTHER","yinan-chen__gfp-white-grunt","ENHANCED_REVIEW","PLAUSIBLE","PENDING","PENDING","www.goodfreephotos.com ( gallery , image ) Different types of fishes Another white grunt picture. Haemulon plumierii."
"pocv2f-wc-33631279-c2","2","RO2iuTVLAX11dy3aNgdf","15","Haemulon plumieri","Wikimedia Commons","33631279","File:Gfp-more-white-grunts.jpg","https://commons.wikimedia.org/wiki/?curid=33631279","https://upload.wikimedia.org/wikipedia/commons/4/4d/Gfp-more-white-grunts.jpg?utm_source=commons.wikimedia.org&utm_campaign=imageinfo&utm_content=original","Yinan Chen","Public Domain","https://web.archive.org/web/20230926203737/https://creativecommons.org/licenses/publicdomain/","Commons item extmetadata; exact file-page review still required","PHOTOGRAPH_CANDIDATE","OTHER","yinan-chen__gfp-more-white-grunts","ENHANCED_REVIEW","PLAUSIBLE","PENDING","PENDING","www.goodfreephotos.com ( gallery , image ) Different types of fishes A common subtropical fish. It is identified by the sound it makes when depressed or angry. Haemulon plumierii."
"pocv2f-wc-33639810-c2","2","RO2iuTVLAX11dy3aNgdf","15","Haemulon plumieri","Wikimedia Commons","33639810","File:Corocoro frito con Arepas.jpg","https://commons.wikimedia.org/wiki/?curid=33639810","https://upload.wikimedia.org/wikipedia/commons/7/7f/Corocoro_frito_con_Arepas.jpg?utm_source=commons.wikimedia.org&utm_campaign=imageinfo&utm_content=original","Wilfredor","CC0","http://creativecommons.org/publicdomain/zero/1.0/deed.en","Commons item extmetadata; exact file-page review still required","PHOTOGRAPH_CANDIDATE","OTHER","wilfredor__corocoro-frito-con-arepas","ENHANCED_REVIEW","EXCLUDE_NON_FIELD_ARTIFACT","PENDING","PENDING","Own work Corocoro ( Haemulon plumieri ) with salad of Pepino (Solanum muricatum) , tomatoes and Arepa . Typical food of Isla Margarita ."
"pocv2f-wc-39953235-c2","2","RO2iuTVLAX11dy3aNgdf","15","Haemulon plumieri","Wikimedia Commons","39953235","File:Haemulon plumieri (white grunt) (San Salvador Island, Bahamas) 2 (15996879649).jpg","https://commons.wikimedia.org/wiki/?curid=39953235","https://upload.wikimedia.org/wikipedia/commons/3/3a/Haemulon_plumieri_%28white_grunt%29_%28San_Salvador_Island%2C_Bahamas%29_2_%2815996879649%29.jpg?utm_source=commons.wikimedia.org&utm_campaign=imageinfo&utm_content=original","James St. John","CC BY 2.0","https://creativecommons.org/licenses/by/2.0","Commons item extmetadata; exact file-page review still required","PHOTOGRAPH_CANDIDATE","NATURAL_UNDERWATER","james-st-john__haemulon-plumieri-white-grunt-san-salvador-island-bahamas","ENHANCED_REVIEW","PLAUSIBLE","PENDING","PENDING","Haemulon plumieri (white grunt) (San Salvador Island, Bahamas) 2 Haemulon plumieri Lacepede, 1801 - white grunt (center) at a small patch reef. Yellowish fish at lower left = French grunt (Haemulon flavolineatum) Classification: Animalia, Chordata, Vertebrata, Actinopterygii, Perciformes, Haemulidae Locality: small patch reef just west of Cut Cay, eastern Graham’s Harbour, northeastern San Salvador Island, eastern Bahamas"
"pocv2f-wc-39953237-c2","2","RO2iuTVLAX11dy3aNgdf","15","Haemulon plumieri","Wikimedia Commons","39953237","File:Haemulon plumieri (white grunt) (San Salvador Island, Bahamas) 1 (16182177732).jpg","https://commons.wikimedia.org/wiki/?curid=39953237","https://upload.wikimedia.org/wikipedia/commons/6/69/Haemulon_plumieri_%28white_grunt%29_%28San_Salvador_Island%2C_Bahamas%29_1_%2816182177732%29.jpg?utm_source=commons.wikimedia.org&utm_campaign=imageinfo&utm_content=original","James St. John","CC BY 2.0","https://creativecommons.org/licenses/by/2.0","Commons item extmetadata; exact file-page review still required","PHOTOGRAPH_CANDIDATE","NATURAL_UNDERWATER","james-st-john__haemulon-plumieri-white-grunt-san-salvador-island-bahamas","ENHANCED_REVIEW","PLAUSIBLE","PENDING","PENDING","Haemulon plumieri (white grunt) (San Salvador Island, Bahamas) 1 Haemulon plumieri Lacepede, 1801 - white grunt (right) at a small patch reef. Yellowish fish at left & lower right = French grunts (Haemulon flavolineatum) Classification: Animalia, Chordata, Vertebrata, Actinopterygii, Perciformes, Haemulidae Locality: small patch reef just west of Cut Cay, eastern Graham’s Harbour, northeastern San Salvador Island, eastern Bahamas"
"pocv2f-wc-39953239-c2","2","RO2iuTVLAX11dy3aNgdf","15","Haemulon plumieri","Wikimedia Commons","39953239","File:Haemulon plumieri (white grunts) (San Salvador Island, Bahamas) 3 (16181060871).jpg","https://commons.wikimedia.org/wiki/?curid=39953239","https://upload.wikimedia.org/wikipedia/commons/f/fa/Haemulon_plumieri_%28white_grunts%29_%28San_Salvador_Island%2C_Bahamas%29_3_%2816181060871%29.jpg?utm_source=commons.wikimedia.org&utm_campaign=imageinfo&utm_content=original","James St. John","CC BY 2.0","https://creativecommons.org/licenses/by/2.0","Commons item extmetadata; exact file-page review still required","PHOTOGRAPH_CANDIDATE","NATURAL_UNDERWATER","james-st-john__haemulon-plumieri-white-grunts-san-salvador-island-bahamas","ENHANCED_REVIEW","PLAUSIBLE","PENDING","PENDING","Haemulon plumieri (white grunts) (San Salvador Island, Bahamas) 3 Haemulon plumieri Lacepede, 1801 - white grunts at a small patch reef. Classification: Animalia, Chordata, Vertebrata, Actinopterygii, Perciformes, Haemulidae Locality: small patch reef just west of Cut Cay, eastern Graham’s Harbour, northeastern San Salvador Island, eastern Bahamas"
"pocv2f-wc-39953240-c2","2","RO2iuTVLAX11dy3aNgdf","15","Haemulon plumieri","Wikimedia Commons","39953240","File:Haemulon plumieri (white grunt) (San Salvador Island, Bahamas) 4 (16182174462).jpg","https://commons.wikimedia.org/wiki/?curid=39953240","https://upload.wikimedia.org/wikipedia/commons/1/1c/Haemulon_plumieri_%28white_grunt%29_%28San_Salvador_Island%2C_Bahamas%29_4_%2816182174462%29.jpg?utm_source=commons.wikimedia.org&utm_campaign=imageinfo&utm_content=original","James St. John","CC BY 2.0","https://creativecommons.org/licenses/by/2.0","Commons item extmetadata; exact file-page review still required","PHOTOGRAPH_CANDIDATE","OTHER","james-st-john__haemulon-plumieri-white-grunt-san-salvador-island-bahamas","ENHANCED_REVIEW","PLAUSIBLE","PENDING","PENDING","Haemulon plumieri (white grunt) (San Salvador Island, Bahamas) 4 Haemulon plumieri Lacepede, 1801 - white grunt over seagrass. Classification: Animalia, Chordata, Vertebrata, Actinopterygii, Perciformes, Haemulidae Locality: just west of Cut Cay, eastern Graham’s Harbour, northeastern San Salvador Island, eastern Bahamas"
"pocv2f-wc-39953242-c2","2","RO2iuTVLAX11dy3aNgdf","15","Haemulon plumieri","Wikimedia Commons","39953242","File:Haemulon plumieri (white grunt) (San Salvador Island, Bahamas) 5 (16182172972).jpg","https://commons.wikimedia.org/wiki/?curid=39953242","https://upload.wikimedia.org/wikipedia/commons/5/50/Haemulon_plumieri_%28white_grunt%29_%28San_Salvador_Island%2C_Bahamas%29_5_%2816182172972%29.jpg?utm_source=commons.wikimedia.org&utm_campaign=imageinfo&utm_content=original","James St. John","CC BY 2.0","https://creativecommons.org/licenses/by/2.0","Commons item extmetadata; exact file-page review still required","PHOTOGRAPH_CANDIDATE","NATURAL_UNDERWATER","james-st-john__haemulon-plumieri-white-grunt-san-salvador-island-bahamas","ENHANCED_REVIEW","PLAUSIBLE","PENDING","PENDING","Haemulon plumieri (white grunt) (San Salvador Island, Bahamas) 5 Haemulon plumieri Lacepede, 1801 - white grunt at a small patch reef. Classification: Animalia, Chordata, Vertebrata, Actinopterygii, Perciformes, Haemulidae Locality: small patch reef just west of Cut Cay, eastern Graham’s Harbour, northeastern San Salvador Island, eastern Bahamas"
"pocv2f-wc-39953244-c2","2","RO2iuTVLAX11dy3aNgdf","15","Haemulon plumieri","Wikimedia Commons","39953244","File:Haemulon plumieri (white grunt) (San Salvador Island, Bahamas) 6 (16181056911).jpg","https://commons.wikimedia.org/wiki/?curid=39953244","https://upload.wikimedia.org/wikipedia/commons/3/35/Haemulon_plumieri_%28white_grunt%29_%28San_Salvador_Island%2C_Bahamas%29_6_%2816181056911%29.jpg?utm_source=commons.wikimedia.org&utm_campaign=imageinfo&utm_content=original","James St. John","CC BY 2.0","https://creativecommons.org/licenses/by/2.0","Commons item extmetadata; exact file-page review still required","PHOTOGRAPH_CANDIDATE","NATURAL_UNDERWATER","james-st-john__haemulon-plumieri-white-grunt-san-salvador-island-bahamas","ENHANCED_REVIEW","PLAUSIBLE","PENDING","PENDING","Haemulon plumieri (white grunt) (San Salvador Island, Bahamas) 6 Haemulon plumieri Lacepede, 1801 - white grunt at a small patch reef. Classification: Animalia, Chordata, Vertebrata, Actinopterygii, Perciformes, Haemulidae Locality: small patch reef just west of Cut Cay, eastern Graham’s Harbour, northeastern San Salvador Island, eastern Bahamas"
"pocv2f-wc-39953245-c2","2","RO2iuTVLAX11dy3aNgdf","15","Haemulon plumieri","Wikimedia Commons","39953245","File:Haemulon plumieri (white grunt) (San Salvador Island, Bahamas) 7 (15996874379).jpg","https://commons.wikimedia.org/wiki/?curid=39953245","https://upload.wikimedia.org/wikipedia/commons/9/9c/Haemulon_plumieri_%28white_grunt%29_%28San_Salvador_Island%2C_Bahamas%29_7_%2815996874379%29.jpg?utm_source=commons.wikimedia.org&utm_campaign=imageinfo&utm_content=original","James St. John","CC BY 2.0","https://creativecommons.org/licenses/by/2.0","Commons item extmetadata; exact file-page review still required","PHOTOGRAPH_CANDIDATE","NATURAL_UNDERWATER","james-st-john__haemulon-plumieri-white-grunt-san-salvador-island-bahamas","ENHANCED_REVIEW","PLAUSIBLE","PENDING","PENDING","Haemulon plumieri (white grunt) (San Salvador Island, Bahamas) 7 Haemulon plumieri Lacepede, 1801 - white grunt at a small patch reef Classification: Animalia, Chordata, Vertebrata, Actinopterygii, Perciformes, Haemulidae Locality: small patch reef just west of Cut Cay, eastern Graham’s Harbour, northeastern San Salvador Island, eastern Bahamas"
"pocv2f-wc-39953248-c2","2","RO2iuTVLAX11dy3aNgdf","15","Haemulon plumieri","Wikimedia Commons","39953248","File:Haemulon plumieri (white grunts) (San Salvador Island, Bahamas) 8 (15997134547).jpg","https://commons.wikimedia.org/wiki/?curid=39953248","https://upload.wikimedia.org/wikipedia/commons/f/f4/Haemulon_plumieri_%28white_grunts%29_%28San_Salvador_Island%2C_Bahamas%29_8_%2815997134547%29.jpg?utm_source=commons.wikimedia.org&utm_campaign=imageinfo&utm_content=original","James St. John","CC BY 2.0","https://creativecommons.org/licenses/by/2.0","Commons item extmetadata; exact file-page review still required","PHOTOGRAPH_CANDIDATE","NATURAL_UNDERWATER","james-st-john__haemulon-plumieri-white-grunts-san-salvador-island-bahamas","ENHANCED_REVIEW","PLAUSIBLE","PENDING","PENDING","Haemulon plumieri (white grunts) (San Salvador Island, Bahamas) 8 Haemulon plumieri Lacepede, 1801 - white grunts at a small patch reef. Classification: Animalia, Chordata, Vertebrata, Actinopterygii, Perciformes, Haemulidae Locality: small patch reef just west of Cut Cay, eastern Graham’s Harbour, northeastern San Salvador Island, eastern Bahamas"
"pocv2f-wc-42364205-c2","2","RO2iuTVLAX11dy3aNgdf","15","Haemulon plumieri","Wikimedia Commons","42364205","File:FMIB 33926 Haemulon Plumieri (La Cepede, M le comte de (Bernard Germain Etienne de La Ville sur Illon), 1756-1825).jpeg","https://commons.wikimedia.org/wiki/?curid=42364205","https://upload.wikimedia.org/wikipedia/commons/0/0d/FMIB_33926_Haemulon_Plumieri_%28La_Cepede%2C_M_le_comte_de_%28Bernard_Germain_Etienne_de_La_Ville_sur_Illon%29%2C_1756-1825%29.jpeg?utm_source=commons.wikimedia.org&utm_campaign=imageinfo&utm_content=original","David Starr Jordan","Public domain","","Commons item extmetadata; exact file-page review still required","PHOTOGRAPH_CANDIDATE","OTHER","david-starr-jordan__fmib-haemulon-plumieri-la-cepede-m-le-comte-de-bernard-germain-etienne-de-la-ville-sur-illon","ENHANCED_REVIEW","EXCLUDE_NON_FIELD_ARTIFACT","PENDING","PENDING","Jordan, David Starr (1893) Review of the Sparoid Fishes of America and Europe , Report of the Commissioner (United States Commission of Fish and Fisheries), 1889-1891, Washington, D.C. : Government Printing Office Haemulon Plumieri (La Cepede, M. le comte de (Bernard Germain Etienne de La Ville sur Illon), 1756-1825) Common Grunt or Ronco Ronco Subject: Grunts (Fishes) Tag: Fish"
"pocv2f-wc-42644329-c2","2","RO2iuTVLAX11dy3aNgdf","15","Haemulon plumieri","Wikimedia Commons","42644329","File:FMIB 51467 Grunt Haemulon plumieri.jpeg","https://commons.wikimedia.org/wiki/?curid=42644329","https://upload.wikimedia.org/wikipedia/commons/5/57/FMIB_51467_Grunt_Haemulon_plumieri.jpeg?utm_source=commons.wikimedia.org&utm_campaign=imageinfo&utm_content=original","Hugh McCormick Smith","Public domain","","Commons item extmetadata; exact file-page review still required","PHOTOGRAPH_CANDIDATE","OTHER","hugh-mccormick-smith__fmib-grunt-haemulon-plumieri","ENHANCED_REVIEW","EXCLUDE_NON_FIELD_ARTIFACT","PENDING","PENDING","Smith, Hugh M. (1907) Fishes of North Carolina , North Carolina Geological and Economic Survey, vol.II, Raleigh, NC: E. M. Uzzell & Co. Grunt. Haemulon plumieri Subject: Grunts (Fishes) Tag: Fish"
"pocv2f-wc-42873988-c2","2","RO2iuTVLAX11dy3aNgdf","15","Haemulon plumieri","Wikimedia Commons","42873988","File:FMIB 48307 Black Grunt.jpeg","https://commons.wikimedia.org/wiki/?curid=42873988","https://upload.wikimedia.org/wikipedia/commons/6/61/FMIB_48307_Black_Grunt.jpeg?utm_source=commons.wikimedia.org&utm_campaign=imageinfo&utm_content=original","James Alexander Henshall","Public domain","","Commons item extmetadata; exact file-page review still required","PHOTOGRAPH_CANDIDATE","OTHER","james-alexander-henshall__fmib-black-grunt","ENHANCED_REVIEW","EXCLUDE_NON_FIELD_ARTIFACT","PENDING","PENDING","Henshall, James A. (1919) Bass, Pike, Perch and Other Game Fishes of America , Cincinnati, OH: Stewart Kidd Company Black Grunt Haemulon plumieri Subject: Haemulon, Grunts (Fishes) Tag: Fish"
"pocv2f-wc-42985690-c2","2","RO2iuTVLAX11dy3aNgdf","15","Haemulon plumieri","Wikimedia Commons","42985690","File:FMIB 51011 Black Grount.jpeg","https://commons.wikimedia.org/wiki/?curid=42985690","https://upload.wikimedia.org/wikipedia/commons/c/c6/FMIB_51011_Black_Grount.jpeg?utm_source=commons.wikimedia.org&utm_campaign=imageinfo&utm_content=original","H. L. Todd","Public domain","","Commons item extmetadata; exact file-page review still required","PHOTOGRAPH_CANDIDATE","OTHER","h-l-todd__fmib-black-grount","ENHANCED_REVIEW","EXCLUDE_NON_FIELD_ARTIFACT","PENDING","PENDING","Goode, George Brown (1884) Fisheries and Fishery Industries of the United States: Section I, Natural History of Useful Aquatic Animals, Plates , Washington, D.C. : Government Printing Office Black Grount Haemulon Plumieri (Lac.), J. & G. Subject: Haemulon, Grunts (Fishes) Tag: Fish"
"pocv2f-wc-43021852-c2","2","RO2iuTVLAX11dy3aNgdf","15","Haemulon plumieri","Wikimedia Commons","43021852","File:FMIB 52017 Grunt, Haemulon plumieri (Bloch) Charleston, S C.jpeg","https://commons.wikimedia.org/wiki/?curid=43021852","https://upload.wikimedia.org/wikipedia/commons/5/55/FMIB_52017_Grunt%2C_Haemulon_plumieri_%28Bloch%29_Charleston%2C_S_C.jpeg?utm_source=commons.wikimedia.org&utm_campaign=imageinfo&utm_content=original","David Starr Jordan","Public domain","","Commons item extmetadata; exact file-page review still required","PHOTOGRAPH_CANDIDATE","OTHER","david-starr-jordan__fmib-grunt-haemulon-plumieri-bloch-charleston-s-c","ENHANCED_REVIEW","EXCLUDE_NON_FIELD_ARTIFACT","PENDING","PENDING","Jordan, David Starr (1907) Fishes , New York City, NY: Henry Holt and Company Grunt, Haemulon plumieri (Bloch). Charleston, S. C. Subject: Grunts (Fishes) Tag: Fish"
"pocv2f-wc-43354116-c2","2","RO2iuTVLAX11dy3aNgdf","15","Haemulon plumieri","Wikimedia Commons","43354116","File:The American natural history (Pl. 11) (8791175737).jpg","https://commons.wikimedia.org/wiki/?curid=43354116","https://upload.wikimedia.org/wikipedia/commons/4/48/The_American_natural_history_%28Pl._11%29_%288791175737%29.jpg?utm_source=commons.wikimedia.org&utm_campaign=imageinfo&utm_content=original","Hornaday, William Temple","Public domain","","Commons item extmetadata; exact file-page review still required","PHOTOGRAPH_CANDIDATE","OTHER","hornaday-william-temple__the-american-natural-history-pl","ENHANCED_REVIEW","PLAUSIBLE","PENDING","PENDING","https://www.flickr.com/photos/biodivlibrary/8791175737 The American natural history; a foundation of useful knowledge of the higher animals of North America,"
"pocv2f-wc-44561527-c2","2","RO2iuTVLAX11dy3aNgdf","15","Haemulon plumieri","Wikimedia Commons","44561527","File:American food and game fishes (Plate (56)) BHL8309069.jpg","https://commons.wikimedia.org/wiki/?curid=44561527","https://upload.wikimedia.org/wikipedia/commons/1/14/American_food_and_game_fishes_%28Plate_%2856%29%29_BHL8309069.jpg?utm_source=commons.wikimedia.org&utm_campaign=imageinfo&utm_content=original","Arthur Radclyffe Dugmore","Public domain","","Commons item extmetadata; exact file-page review still required","PHOTOGRAPH_CANDIDATE","OTHER","arthur-radclyffe-dugmore__american-food-and-game-fishes-plate-bhl","ENHANCED_REVIEW","EXCLUDE_NON_FIELD_ARTIFACT","PENDING","PENDING","https://www.biodiversitylibrary.org/pageimage/8309069 American food and game fishes : a popular account of all the species found in America north of the Equator, with keys for ready identification, life histories and methods of capture / by David Starr Jordan and Barton Warren Evermann ; illustrated with colored plates and text drawings, and with photographs from life by A. Radclyffe Dugmore."
"pocv2f-wc-44611364-c2","2","RO2iuTVLAX11dy3aNgdf","15","Haemulon plumieri","Wikimedia Commons","44611364","File:Bass, pike, perch and others (Plate- Black Grunt, Red Snapper) BHL8316037.jpg","https://commons.wikimedia.org/wiki/?curid=44611364","https://upload.wikimedia.org/wikipedia/commons/4/49/Bass%2C_pike%2C_perch_and_others_%28Plate-_Black_Grunt%2C_Red_Snapper%29_BHL8316037.jpg?utm_source=commons.wikimedia.org&utm_campaign=imageinfo&utm_content=original","Henshall, James A.","Public domain","","Commons item extmetadata; exact file-page review still required","PHOTOGRAPH_CANDIDATE","OTHER","henshall-james-a__bass-pike-perch-and-others-plate-black-grunt-red-snapper-bhl","ENHANCED_REVIEW","EXCLUDE_NON_FIELD_ARTIFACT","PENDING","PENDING","https://www.biodiversitylibrary.org/pageimage/8316037 Bass, pike, perch and others / by James A. Henshall."
"pocv2f-wc-54937986-c2","2","RO2iuTVLAX11dy3aNgdf","15","Haemulon plumieri","Wikimedia Commons","54937986","File:Conodon plumieri - - Print - Iconographia Zoologica - Special Collections University of Amsterdam - UBA01 IZ13000146.tif","https://commons.wikimedia.org/wiki/?curid=54937986","https://upload.wikimedia.org/wikipedia/commons/8/82/Conodon_plumieri_-_-_Print_-_Iconographia_Zoologica_-_Special_Collections_University_of_Amsterdam_-_UBA01_IZ13000146.tif?utm_source=commons.wikimedia.org&utm_campaign=imageinfo&utm_content=original","","Public domain","","Commons item extmetadata; exact file-page review still required","PHOTOGRAPH_CANDIDATE","AQUARIUM","unknown__conodon-plumieri-print-iconographia-zoologica-special-collections-university-of-amsterdam-uba-iz","ENHANCED_REVIEW","EXCLUDE_NON_FIELD_ARTIFACT","PENDING","PENDING","Iconographia Zoologica Conodon plumieri"
"pocv2f-wc-54937993-c2","2","RO2iuTVLAX11dy3aNgdf","15","Haemulon plumieri","Wikimedia Commons","54937993","File:Conodon plumieri - 1798-1876 - Print - Iconographia Zoologica - Special Collections University of Amsterdam - UBA01 IZ13000149.tif","https://commons.wikimedia.org/wiki/?curid=54937993","https://upload.wikimedia.org/wikipedia/commons/1/16/Conodon_plumieri_-_1798-1876_-_Print_-_Iconographia_Zoologica_-_Special_Collections_University_of_Amsterdam_-_UBA01_IZ13000149.tif?utm_source=commons.wikimedia.org&utm_campaign=imageinfo&utm_content=original","","Public domain","","Commons item extmetadata; exact file-page review still required","PHOTOGRAPH_CANDIDATE","AQUARIUM","unknown__conodon-plumieri-print-iconographia-zoologica-special-collections-university-of-amsterdam-uba-iz","ENHANCED_REVIEW","EXCLUDE_NON_FIELD_ARTIFACT","PENDING","PENDING","Lacépède III pl. 33 fig. 1 Conodon plumieri"
"pocv2f-wc-54937995-c2","2","RO2iuTVLAX11dy3aNgdf","15","Haemulon plumieri","Wikimedia Commons","54937995","File:Conodon plumieri - 1774-1804 - Print - Iconographia Zoologica - Special Collections University of Amsterdam - UBA01 IZ13000147.tif","https://commons.wikimedia.org/wiki/?curid=54937995","https://upload.wikimedia.org/wikipedia/commons/9/90/Conodon_plumieri_-_1774-1804_-_Print_-_Iconographia_Zoologica_-_Special_Collections_University_of_Amsterdam_-_UBA01_IZ13000147.tif?utm_source=commons.wikimedia.org&utm_campaign=imageinfo&utm_content=original","","Public domain","","Commons item extmetadata; exact file-page review still required","PHOTOGRAPH_CANDIDATE","AQUARIUM","unknown__conodon-plumieri-print-iconographia-zoologica-special-collections-university-of-amsterdam-uba-iz","ENHANCED_REVIEW","EXCLUDE_NON_FIELD_ARTIFACT","PENDING","PENDING","Bloch pl. 306 Conodon plumieri"
"pocv2f-wc-75644267-c2","2","RO2iuTVLAX11dy3aNgdf","15","Haemulon plumieri","Wikimedia Commons","75644267","File:White grunt - Voyage of the Blossom (45207317804).jpg","https://commons.wikimedia.org/wiki/?curid=75644267","https://upload.wikimedia.org/wikipedia/commons/6/62/White_grunt_-_Voyage_of_the_Blossom_%2845207317804%29.jpg?utm_source=commons.wikimedia.org&utm_campaign=imageinfo&utm_content=original","Tim Evanson from Cleveland Heights, Ohio, USA","CC BY-SA 2.0","https://creativecommons.org/licenses/by-sa/2.0","Commons item extmetadata; exact file-page review still required","PHOTOGRAPH_CANDIDATE","FIELD_CAUGHT_HELD","tim-evanson-from-cleveland-heights-ohio-usa__white-grunt-voyage-of-the-blossom","ENHANCED_REVIEW","EXCLUDE_LICENSE","PENDING","PENDING","white grunt - Voyage of the Blossom Haemulon plumierii specimen on display as part of the exhibit ""Sailing for Science: The Voyage of the Blossom"", hosted by the Cleveland Museum of Natural History in Cleveland, Ohio, in the United States. The three-masted sailing ship Blossom left the United States for Africa, the South Atlantic, and South America on a speciment collecting expedition in 1922. It returned in 1926 with more than 12,000 specimens. Known as the common grunt or white grunt, this marine fish is common in the western Atlantic Ocean from Maryland to Brazil. At its adult size, it averages 12 inches in length and weighs just under 10 pounds. It is a cream color with silver iridescence, and has with numerous yellow and blue horizontal stripes. These fish prefer coral reefs, docks and piers, mangrove swamps, and similar structures. They feed mainly on shrimp, but also eat bivalves (clams, mussels, oysters, and scallops), crustaceans, and worms. This fish has teeth in its throat (not the mouth). When threatened, it grinds them together creating a loud grunting sound. That's what it's called a ""grunt""."
"pocv2f-wc-107076627-c3","3","eBZEv2F3RUvtST6fx0cK","26","Lutjanus analis","Wikimedia Commons","107076627","File:Lutjanus analis Mexico.jpg","https://commons.wikimedia.org/wiki/?curid=107076627","https://upload.wikimedia.org/wikipedia/commons/6/69/Lutjanus_analis_Mexico.jpg?utm_source=commons.wikimedia.org&utm_campaign=imageinfo&utm_content=original","Henrya","CC0","http://creativecommons.org/publicdomain/zero/1.0/deed.en","Commons item extmetadata; exact file-page review still required","PHOTOGRAPH_CANDIDATE","OTHER","henrya__lutjanus-analis-mexico","ENHANCED_REVIEW","EXCLUDE_PROHIBITED_ORIGIN","PENDING","PENDING","https://www.inaturalist.org/photos/72789855 Lutjanus analis , Quintana Roo, Mexico"
"pocv2f-wc-141390425-c3","3","eBZEv2F3RUvtST6fx0cK","26","Lutjanus analis","Wikimedia Commons","141390425","File:Lutjanus analis 332942911.jpg","https://commons.wikimedia.org/wiki/?curid=141390425","https://upload.wikimedia.org/wikipedia/commons/e/ee/Lutjanus_analis_332942911.jpg?utm_source=commons.wikimedia.org&utm_campaign=imageinfo&utm_content=original","Dan Schofield","CC BY 4.0","https://creativecommons.org/licenses/by/4.0","Commons item extmetadata; exact file-page review still required","PHOTOGRAPH_CANDIDATE","OTHER","dan-schofield__lutjanus-analis","ENHANCED_REVIEW","EXCLUDE_PROHIBITED_ORIGIN","PENDING","PENDING","https://www.inaturalist.org/photos/332942911 Mutton Snapper ( Lutjanus analis )"
"pocv2f-wc-141390441-c3","3","eBZEv2F3RUvtST6fx0cK","26","Lutjanus analis","Wikimedia Commons","141390441","File:Lutjanus analis 308726202.jpg","https://commons.wikimedia.org/wiki/?curid=141390441","https://upload.wikimedia.org/wikipedia/commons/9/91/Lutjanus_analis_308726202.jpg?utm_source=commons.wikimedia.org&utm_campaign=imageinfo&utm_content=original","Pauline Walsh Jacobson","CC BY 4.0","https://creativecommons.org/licenses/by/4.0","Commons item extmetadata; exact file-page review still required","PHOTOGRAPH_CANDIDATE","OTHER","pauline-walsh-jacobson__lutjanus-analis","ENHANCED_REVIEW","EXCLUDE_PROHIBITED_ORIGIN","PENDING","PENDING","https://www.inaturalist.org/photos/308726202 Mutton Snapper ( Lutjanus analis )"
"pocv2f-wc-143392645-c3","3","eBZEv2F3RUvtST6fx0cK","26","Lutjanus analis","Wikimedia Commons","143392645","File:1973 Belize 50 cent stamp.jpg","https://commons.wikimedia.org/wiki/?curid=143392645","https://upload.wikimedia.org/wikipedia/commons/e/e1/1973_Belize_50_cent_stamp.jpg?utm_source=commons.wikimedia.org&utm_campaign=imageinfo&utm_content=original","Government of Belize","Public domain","","Commons item extmetadata; exact file-page review still required","PHOTOGRAPH_CANDIDATE","OTHER","government-of-belize__belize-cent-stamp","ENHANCED_REVIEW","EXCLUDE_NON_FIELD_ARTIFACT","PENDING","PENDING","https://fishbase.mnhn.fr/photos/SpeciesStampPhotos.php?resultPage=2RequestTimeout=3600&SortBy=Species&vStartRow=1&Speccode=1403 50 cent stamp from Belize (prior to independence) depicting a mutton snapper ( Lutjanus analis )"
"pocv2f-wc-14871533-c3","3","eBZEv2F3RUvtST6fx0cK","26","Lutjanus analis","Wikimedia Commons","14871533","File:Lutjanus analis.jpg","https://commons.wikimedia.org/wiki/?curid=14871533","https://upload.wikimedia.org/wikipedia/commons/6/6e/Lutjanus_analis.jpg?utm_source=commons.wikimedia.org&utm_campaign=imageinfo&utm_content=original","NOAA Photo Library","Public domain","","Commons item extmetadata; exact file-page review still required","PHOTOGRAPH_CANDIDATE","CONTROLLED_REFERENCE","noaa-photo-library__lutjanus-analis","ENHANCED_REVIEW","PLAUSIBLE","PENDING","PENDING","Flickr : fish4315 Mutton snapper ( Lutjanus analis ). Gulf of Mexico. Credit: SEFSC Pascagoula Laboratory; Collection of Brandi Noble, NOAA/NMFS/SEFSC."
"pocv2f-wc-194806541-c3","3","eBZEv2F3RUvtST6fx0cK","26","Lutjanus analis","Wikimedia Commons","194806541","File:Pargo criollo (Lutjanus analis), San Pedro, Belice, 2025-12-17, DD 129.jpg","https://commons.wikimedia.org/wiki/?curid=194806541","https://upload.wikimedia.org/wikipedia/commons/f/fb/Pargo_criollo_%28Lutjanus_analis%29%2C_San_Pedro%2C_Belice%2C_2025-12-17%2C_DD_129.jpg?utm_source=commons.wikimedia.org&utm_campaign=imageinfo&utm_content=original","Diego Delso","CC BY-SA 4.0","https://creativecommons.org/licenses/by-sa/4.0","Commons item extmetadata; exact file-page review still required","PHOTOGRAPH_CANDIDATE","OTHER","diego-delso__pargo-criollo-lutjanus-analis-san-pedro-belice","ENHANCED_REVIEW","EXCLUDE_LICENSE","PENDING","PENDING","Own work Mutton snapper ( Lutjanus analis ), San Pedro, Belize"
"pocv2f-wc-195586079-c3","3","eBZEv2F3RUvtST6fx0cK","26","Lutjanus analis","Wikimedia Commons","195586079","File:Pargo criollo (Lutjanus analis), Cozumel, México, 2025-12-20, DD 139.jpg","https://commons.wikimedia.org/wiki/?curid=195586079","https://upload.wikimedia.org/wikipedia/commons/7/7e/Pargo_criollo_%28Lutjanus_analis%29%2C_Cozumel%2C_M%C3%A9xico%2C_2025-12-20%2C_DD_139.jpg?utm_source=commons.wikimedia.org&utm_campaign=imageinfo&utm_content=original","Diego Delso","CC BY-SA 4.0","https://creativecommons.org/licenses/by-sa/4.0","Commons item extmetadata; exact file-page review still required","PHOTOGRAPH_CANDIDATE","OTHER","diego-delso__pargo-criollo-lutjanus-analis-cozumel-m-xico","ENHANCED_REVIEW","EXCLUDE_LICENSE","PENDING","PENDING","Own work Mutton snapper ( Lutjanus analis ), Cozumel, Mexico"
"pocv2f-wc-37610688-c3","3","eBZEv2F3RUvtST6fx0cK","26","Lutjanus analis","Wikimedia Commons","37610688","File:Mutton-snapper-eye-closeup.jpg","https://commons.wikimedia.org/wiki/?curid=37610688","https://upload.wikimedia.org/wikipedia/commons/f/f7/Mutton-snapper-eye-closeup.jpg?utm_source=commons.wikimedia.org&utm_campaign=imageinfo&utm_content=original","DelphFishing","CC BY-SA 4.0","https://creativecommons.org/licenses/by-sa/4.0","Commons item extmetadata; exact file-page review still required","PHOTOGRAPH_CANDIDATE","OTHER","delphfishing__mutton-snapper-eye-closeup","ENHANCED_REVIEW","EXCLUDE_LICENSE","PENDING","PENDING","Own work Mutton Snapper eye closeup."
"pocv2f-wc-37610700-c3","3","eBZEv2F3RUvtST6fx0cK","26","Lutjanus analis","Wikimedia Commons","37610700","File:Mutton-snapper-lutjanus-analis.jpg","https://commons.wikimedia.org/wiki/?curid=37610700","https://upload.wikimedia.org/wikipedia/commons/f/f4/Mutton-snapper-lutjanus-analis.jpg?utm_source=commons.wikimedia.org&utm_campaign=imageinfo&utm_content=original","DelphFishing","CC BY-SA 4.0","https://creativecommons.org/licenses/by-sa/4.0","Commons item extmetadata; exact file-page review still required","PHOTOGRAPH_CANDIDATE","FIELD_CAUGHT_HELD","delphfishing__mutton-snapper-lutjanus-analis","ENHANCED_REVIEW","EXCLUDE_LICENSE","PENDING","PENDING","Own work Mutton Snapper caught in Key West with DelphFishing"
"pocv2f-wc-37610729-c3","3","eBZEv2F3RUvtST6fx0cK","26","Lutjanus analis","Wikimedia Commons","37610729","File:Mutton-snapper-face-picture.jpg","https://commons.wikimedia.org/wiki/?curid=37610729","https://upload.wikimedia.org/wikipedia/commons/c/c1/Mutton-snapper-face-picture.jpg?utm_source=commons.wikimedia.org&utm_campaign=imageinfo&utm_content=original","DelphFishing","CC BY-SA 4.0","https://creativecommons.org/licenses/by-sa/4.0","Commons item extmetadata; exact file-page review still required","PHOTOGRAPH_CANDIDATE","OTHER","delphfishing__mutton-snapper-face-picture","ENHANCED_REVIEW","EXCLUDE_LICENSE","PENDING","PENDING","Own work Mutton Snapper face."
"pocv2f-wc-37968703-c3","3","eBZEv2F3RUvtST6fx0cK","26","Lutjanus analis","Wikimedia Commons","37968703","File:Muttonfish, Lutjanus analis Americanfoodgam00jord 0587.jpg","https://commons.wikimedia.org/wiki/?curid=37968703","https://upload.wikimedia.org/wikipedia/commons/5/5a/Muttonfish%2C_Lutjanus_analis_Americanfoodgam00jord_0587.jpg?utm_source=commons.wikimedia.org&utm_campaign=imageinfo&utm_content=original","Unknown author Unknown author","Public domain","","Commons item extmetadata; exact file-page review still required","PHOTOGRAPH_CANDIDATE","OTHER","unknown-author-unknown-author__muttonfish-lutjanus-analis-americanfoodgam-jord","ENHANCED_REVIEW","EXCLUDE_NON_FIELD_ARTIFACT","PENDING","PENDING","American Food and Game Fishes: a popular account of all the species found in America, north of the equator, with keys for ready identification, life histories and methods of capture https://archive.org/stream/americanfoodgam00jord#page/n10/mode/1up by David Starr Jordan and Barton Warren Evermann Published 1902 by Doubleday, Page & Co. in New York. Muttonfish, Lutjanus analis"
"pocv2f-wc-41906803-c3","3","eBZEv2F3RUvtST6fx0cK","26","Lutjanus analis","Wikimedia Commons","41906803","File:American food and game fishes. A popular account of all the species found in America north of the equator, with keys for ready identification, life histories and methods of capture (1908) (18142740145).jpg","https://commons.wikimedia.org/wiki/?curid=41906803","https://upload.wikimedia.org/wikipedia/commons/0/09/American_food_and_game_fishes._A_popular_account_of_all_the_species_found_in_America_north_of_the_equator%2C_with_keys_for_ready_identification%2C_life_histories_and_methods_of_capture_%281908%29_%2818142740145%29.jpg?utm_source=commons.wikimedia.org&utm_campaign=imageinfo&utm_content=original","Internet Archive Book Images","No restrictions","https://www.flickr.com/commons/usage/","Commons item extmetadata; exact file-page review still required","PHOTOGRAPH_CANDIDATE","OTHER","internet-archive-book-images__american-food-and-game-fishes-a-popular-account-of-all-the-species-found-in-america-north-of-the-equator-with-keys-for-ready-identification-life-histories-and-methods-of-capture","ENHANCED_REVIEW","EXCLUDE_LICENSE","PENDING","PENDING","https://www.flickr.com/photos/internetarchivebookimages/18142740145/ Source book page: https://archive.org/stream/americanfoodgame00jord/#page/n572/mode/1up Title : American food and game fishes. A popular account of all the species found in America north of the equator, with keys for ready identification, life histories and methods of capture Identifier : americanfoodgame00jord ( find matches ) Year : 1908 ( 1900s ) Authors : Jordan, David Starr, 1851-1931 ; Evermann, Barton Warren, 1853-1932 Subjects : Fishes -- North America Publisher : Garden City, N. Y. , Doubleday, Page & Co. Contributing Library : MBLWHOI Library Digitizing Sponsor : MBLWHOI Library View Book Page : Book Viewer About This Book : Catalog Entry View All Images : All Images From Book Click here to view book online to see this illustration in context in a browseable online version of this book. Text Appearing Before Image: ' Text Appearing After Image: tn Z> z i o w co i z o Note About Images Please note that these images are extracted from scanned page images that may have been digitally enhanced for readability - coloration and appearance of these illustrations may not perfectly resemble the original work."
"pocv2f-wc-42364216-c3","3","eBZEv2F3RUvtST6fx0cK","26","Lutjanus analis","Wikimedia Commons","42364216","File:FMIB 33928 Lutjanus Analis (Cuvier and Valenciennes).jpeg","https://commons.wikimedia.org/wiki/?curid=42364216","https://upload.wikimedia.org/wikipedia/commons/9/92/FMIB_33928_Lutjanus_Analis_%28Cuvier_and_Valenciennes%29.jpeg?utm_source=commons.wikimedia.org&utm_campaign=imageinfo&utm_content=original","David Starr Jordan","Public domain","","Commons item extmetadata; exact file-page review still required","PHOTOGRAPH_CANDIDATE","OTHER","david-starr-jordan__fmib-lutjanus-analis-cuvier-and-valenciennes","ENHANCED_REVIEW","EXCLUDE_NON_FIELD_ARTIFACT","PENDING","PENDING","Jordan, David Starr (1893) Review of the Sparoid Fishes of America and Europe , Report of the Commissioner (United States Commission of Fish and Fisheries), 1889-1891, Washington, D.C. : Government Printing Office Lutjanus Analis (Cuvier and Valenciennes) Mutton-Fish or Pargo Criollo Subject: Lutjanus, Red snapper Tag: Fish"
"pocv2f-wc-42644309-c3","3","eBZEv2F3RUvtST6fx0cK","26","Lutjanus analis","Wikimedia Commons","42644309","File:FMIB 51464 Mutton-Fish Lutianus analis.jpeg","https://commons.wikimedia.org/wiki/?curid=42644309","https://upload.wikimedia.org/wikipedia/commons/5/59/FMIB_51464_Mutton-Fish_Lutianus_analis.jpeg?utm_source=commons.wikimedia.org&utm_campaign=imageinfo&utm_content=original","Hugh McCormick Smith","Public domain","","Commons item extmetadata; exact file-page review still required","PHOTOGRAPH_CANDIDATE","OTHER","hugh-mccormick-smith__fmib-mutton-fish-lutianus-analis","ENHANCED_REVIEW","EXCLUDE_NON_FIELD_ARTIFACT","PENDING","PENDING","Smith, Hugh M. (1907) Fishes of North Carolina , North Carolina Geological and Economic Survey, vol.II, Raleigh, NC: E. M. Uzzell & Co. Mutton-Fish. Lutianus analis Subject: Lutjanidae Tag: Fish"
"pocv2f-wc-42646312-c3","3","eBZEv2F3RUvtST6fx0cK","26","Lutjanus analis","Wikimedia Commons","42646312","File:FMIB 51639 Mutton-snapper, or Pargo-criollo, Lutianus analis (Cuv & Va), Key West.jpeg","https://commons.wikimedia.org/wiki/?curid=42646312","https://upload.wikimedia.org/wikipedia/commons/e/e9/FMIB_51639_Mutton-snapper%2C_or_Pargo-criollo%2C_Lutianus_analis_%28Cuv_%26_Va%29%2C_Key_West.jpeg?utm_source=commons.wikimedia.org&utm_campaign=imageinfo&utm_content=original","David Starr Jordan","Public domain","","Commons item extmetadata; exact file-page review still required","PHOTOGRAPH_CANDIDATE","OTHER","david-starr-jordan__fmib-mutton-snapper-or-pargo-criollo-lutianus-analis-cuv-va-key-west","ENHANCED_REVIEW","EXCLUDE_NON_FIELD_ARTIFACT","PENDING","PENDING","Jordan, David Starr (1907) Fishes , New York City, NY: Henry Holt and Company Mutton-snapper, or Pargo-criollo, Lutianus analis (Cuv. & Va.), Key West Subject: Chrysophrys, Lutjanidae Tag: Fish"
"pocv2f-wc-42696445-c3","3","eBZEv2F3RUvtST6fx0cK","26","Lutjanus analis","Wikimedia Commons","42696445","File:American food and game fishes - a popular account of all the species found in America, north of the equator, with keys for ready identification, life histories and methods of capture (1902) (14596145349).jpg","https://commons.wikimedia.org/wiki/?curid=42696445","https://upload.wikimedia.org/wikipedia/commons/7/75/American_food_and_game_fishes_-_a_popular_account_of_all_the_species_found_in_America%2C_north_of_the_equator%2C_with_keys_for_ready_identification%2C_life_histories_and_methods_of_capture_%281902%29_%2814596145349%29.jpg?utm_source=commons.wikimedia.org&utm_campaign=imageinfo&utm_content=original","Jordan, David Starr, 1851-1931; Evermann, Barton Warren, 1853-1932","No restrictions","https://www.flickr.com/commons/usage/","Commons item extmetadata; exact file-page review still required","PHOTOGRAPH_CANDIDATE","FIELD_CAUGHT_HELD","jordan-david-starr-1851-1931-evermann-barton-warren-1853-1932__american-food-and-game-fishes-a-popular-account-of-all-the-species-found-in-america-north-of-the-equator-with-keys-for-ready-identification-life-histories-and-methods-of-capture","ENHANCED_REVIEW","EXCLUDE_LICENSE","PENDING","PENDING","https://www.flickr.com/photos/internetarchivebookimages/14596145349/ Source book page: https://archive.org/stream/americanfoodgam00jord/americanfoodgam00jord#page/n572/mode/1up Identifier : americanfoodgam00jord ( find matches ) Title : American food and game fishes : a popular account of all the species found in America, north of the equator, with keys for ready identification, life histories and methods of capture Year : 1902 ( 1900s ) Authors : Jordan, David Starr, 1851-1931 Evermann, Barton Warren, 1853-1932 Subjects : Fishes Publisher : New York : Doubleday, Page & Co. Contributing Library : Robarts - University of Toronto Digitizing Sponsor : University of Toronto View Book Page : Book Viewer About This Book : Catalog Entry View All Images : All Images From Book Click here to view book online to see this illustration in context in a browseable online version of this book. Text Appearing Before Image: ' Text Appearing After Image: I- 6 I o a: *^ I o (O CD ^%%%^/^/jil; Mahogany Snapper long and weighed about 2 pounds. About this island it is known asmanchego, mancheva, or raiado, and is highly esteemed as a food-fish. Mahogany Snapper Lutiamis mahogoni (Cuvier & Valenciennes) This is a small snapper occurring in the West Indies. It israther common in the markets of Havana, where it is known asojanco, in allusion to the large eye. It does not exceed 8 or 10 inchesin length. Colour in life, deep brown, silvery below, everywhere shadedwith red, especially on head; eye, which is 3f in head, scarlet; a largeblackish blotch on side, chiefly above lateral line and below first raysof soft dorsal; maxillary yellow on covered parts; narrow bronzestreaks following rows of scales, these most distinct above lateral line;dorsal fm pale, edged with blood-red; caudal deep red; anal, ventrals,and pectorals scarlet; the bright colours fade and disappear in spirits,leaving the back dark gray, the lower part silvery, more or le Note About Images Please note that these images are extracted from scanned page images that may have been digitally enhanced for readability - coloration and appearance of these illustrations may not perfectly resemble the original work."
"pocv2f-wc-42792050-c3","3","eBZEv2F3RUvtST6fx0cK","26","Lutjanus analis","Wikimedia Commons","42792050","File:FMIB 38131 Neomaenis analis (Cuvier & Valenciennes) Mutton-Fish; Pargo.jpeg","https://commons.wikimedia.org/wiki/?curid=42792050","https://upload.wikimedia.org/wikipedia/commons/a/a2/FMIB_38131_Neomaenis_analis_%28Cuvier_%26_Valenciennes%29_Mutton-Fish%3B_Pargo.jpeg?utm_source=commons.wikimedia.org&utm_campaign=imageinfo&utm_content=original","Barton Warren Evermann / Millard Caleb Marsh","Public domain","","Commons item extmetadata; exact file-page review still required","PHOTOGRAPH_CANDIDATE","OTHER","barton-warren-evermann-millard-caleb-marsh__fmib-neomaenis-analis-cuvier-valenciennes-mutton-fish-pargo","ENHANCED_REVIEW","EXCLUDE_NON_FIELD_ARTIFACT","PENDING","PENDING","Everman, Barton W .; Marsh, Millard C. (1902) Fishes of Porto Rico , Bulletin of the United States Fish Commission, v.20, pt.1, for 1900, Washington, D.C. : Government Printing Office Neomaenis analis (Cuvier & Valenciennes). Mutton-Fish; Pargo Subject: Lutjanidae, Osteichthyes Tag: Fish"
"pocv2f-wc-43403326-c3","3","eBZEv2F3RUvtST6fx0cK","26","Lutjanus analis","Wikimedia Commons","43403326","File:FMIB 48942 Sorb (Lutianus analis) 18 lbs.jpeg","https://commons.wikimedia.org/wiki/?curid=43403326","https://upload.wikimedia.org/wikipedia/commons/2/20/FMIB_48942_Sorb_%28Lutianus_analis%29_18_lbs.jpeg?utm_source=commons.wikimedia.org&utm_campaign=imageinfo&utm_content=original","Harry Vincent","Public domain","","Commons item extmetadata; exact file-page review still required","PHOTOGRAPH_CANDIDATE","FIELD_CAUGHT_HELD","harry-vincent__fmib-sorb-lutianus-analis-lbs","ENHANCED_REVIEW","EXCLUDE_NON_FIELD_ARTIFACT","PENDING","PENDING","Vincent, Harry (1910) Sea Fish of Trinidad , New York City, NY: J. J. Little & Ives Co. Sorb (Lutianus analis) 18 lbs Caught with rod by J.A.Bulmer, Esq., from the jetty, Chacachacare Subject: Lutjanus, Sorbs Tag: Fish"
"pocv2f-wc-44561351-c3","3","eBZEv2F3RUvtST6fx0cK","26","Lutjanus analis","Wikimedia Commons","44561351","File:American food and game fishes (Plate (51)) BHL8309045.jpg","https://commons.wikimedia.org/wiki/?curid=44561351","https://upload.wikimedia.org/wikipedia/commons/9/9d/American_food_and_game_fishes_%28Plate_%2851%29%29_BHL8309045.jpg?utm_source=commons.wikimedia.org&utm_campaign=imageinfo&utm_content=original","Dugmore, A. Radclyffe; Evermann, Barton Warren; Jordan, David Starr","Public domain","","Commons item extmetadata; exact file-page review still required","PHOTOGRAPH_CANDIDATE","OTHER","dugmore-a-radclyffe-evermann-barton-warren-jordan-david-starr__american-food-and-game-fishes-plate-bhl","ENHANCED_REVIEW","EXCLUDE_NON_FIELD_ARTIFACT","PENDING","PENDING","https://www.biodiversitylibrary.org/pageimage/8309045 American food and game fishes : a popular account of all the species found in America north of the Equator, with keys for ready identification, life histories and methods of capture / by David Starr Jordan and Barton Warren Evermann ; illustrated with colored plates and text drawings, and with photographs from life by A. Radclyffe Dugmore."
"pocv2f-wc-44561367-c3","3","eBZEv2F3RUvtST6fx0cK","26","Lutjanus analis","Wikimedia Commons","44561367","File:American food and game fishes (Plate (52)) BHL8309049.jpg","https://commons.wikimedia.org/wiki/?curid=44561367","https://upload.wikimedia.org/wikipedia/commons/c/ca/American_food_and_game_fishes_%28Plate_%2852%29%29_BHL8309049.jpg?utm_source=commons.wikimedia.org&utm_campaign=imageinfo&utm_content=original","Dugmore, A. Radclyffe; Evermann, Barton Warren; Jordan, David Starr","Public domain","","Commons item extmetadata; exact file-page review still required","PHOTOGRAPH_CANDIDATE","OTHER","dugmore-a-radclyffe-evermann-barton-warren-jordan-david-starr__american-food-and-game-fishes-plate-bhl","ENHANCED_REVIEW","EXCLUDE_NON_FIELD_ARTIFACT","PENDING","PENDING","https://www.biodiversitylibrary.org/pageimage/8309049 American food and game fishes : a popular account of all the species found in America north of the Equator, with keys for ready identification, life histories and methods of capture / by David Starr Jordan and Barton Warren Evermann ; illustrated with colored plates and text drawings, and with photographs from life by A. Radclyffe Dugmore."
"pocv2f-wc-53401553-c3","3","eBZEv2F3RUvtST6fx0cK","26","Lutjanus analis","Wikimedia Commons","53401553","File:Lutjanus analis NOAA.jpg","https://commons.wikimedia.org/wiki/?curid=53401553","https://upload.wikimedia.org/wikipedia/commons/3/32/Lutjanus_analis_NOAA.jpg?utm_source=commons.wikimedia.org&utm_campaign=imageinfo&utm_content=original","Chris Parsons","Public domain","","Commons item extmetadata; exact file-page review still required","PHOTOGRAPH_CANDIDATE","OTHER","chris-parsons__lutjanus-analis-noaa","ENHANCED_REVIEW","PLAUSIBLE","PENDING","PENDING","http://www.flkeysnews.com/news/local/environment/article86429727.html Lutjanus analis"
"pocv2f-wc-53401561-c3","3","eBZEv2F3RUvtST6fx0cK","26","Lutjanus analis","Wikimedia Commons","53401561","File:Lutjanus analis range.png","https://commons.wikimedia.org/wiki/?curid=53401561","https://upload.wikimedia.org/wikipedia/commons/4/41/Lutjanus_analis_range.png?utm_source=commons.wikimedia.org&utm_campaign=imageinfo&utm_content=original","Unknown author Unknown author","Public domain","","Commons item extmetadata; exact file-page review still required","PHOTOGRAPH_CANDIDATE","OTHER","unknown-author-unknown-author__lutjanus-analis-range","ENHANCED_REVIEW","PLAUSIBLE","PENDING","PENDING","http://biogeodb.stri.si.edu/caribbean/en/thefishes/species/3683 Lutjanus analis"
"pocv2f-wc-53401567-c3","3","eBZEv2F3RUvtST6fx0cK","26","Lutjanus analis","Wikimedia Commons","53401567","File:Lutjanus analis SI.jpg","https://commons.wikimedia.org/wiki/?curid=53401567","https://upload.wikimedia.org/wikipedia/commons/1/1d/Lutjanus_analis_SI.jpg?utm_source=commons.wikimedia.org&utm_campaign=imageinfo&utm_content=original","D Ross Robertson","Public domain","","Commons item extmetadata; exact file-page review still required","PHOTOGRAPH_CANDIDATE","AQUARIUM","d-ross-robertson__lutjanus-analis-si","ENHANCED_REVIEW","PLAUSIBLE","PENDING","PENDING","https://biogeodb.stri.si.edu/caribbean/en/gallery/specie/3683 Lutjanus analis (Ripleys aquarium)"
"pocv2f-wc-53401575-c3","3","eBZEv2F3RUvtST6fx0cK","26","Lutjanus analis","Wikimedia Commons","53401575","File:Lutjanus analis SI2.jpg","https://commons.wikimedia.org/wiki/?curid=53401575","https://upload.wikimedia.org/wikipedia/commons/b/b9/Lutjanus_analis_SI2.jpg?utm_source=commons.wikimedia.org&utm_campaign=imageinfo&utm_content=original","D Ross Robertson","Public domain","","Commons item extmetadata; exact file-page review still required","PHOTOGRAPH_CANDIDATE","OTHER","d-ross-robertson__lutjanus-analis-si","ENHANCED_REVIEW","PLAUSIBLE","PENDING","PENDING","http://biogeodb.stri.si.edu/caribbean/en/gallery/specie/3683 Lutjanus analis (Florida)"
"pocv2f-wc-53401578-c3","3","eBZEv2F3RUvtST6fx0cK","26","Lutjanus analis","Wikimedia Commons","53401578","File:Lutjanus analis juvenile.jpg","https://commons.wikimedia.org/wiki/?curid=53401578","https://upload.wikimedia.org/wikipedia/commons/7/7c/Lutjanus_analis_juvenile.jpg?utm_source=commons.wikimedia.org&utm_campaign=imageinfo&utm_content=original","D Ross Robertson","Public domain","","Commons item extmetadata; exact file-page review still required","PHOTOGRAPH_CANDIDATE","OTHER","d-ross-robertson__lutjanus-analis-juvenile","ENHANCED_REVIEW","PLAUSIBLE","PENDING","PENDING","http://biogeodb.stri.si.edu/caribbean/en/gallery/specie/3683 Lutjanus analis"
"pocv2f-fda-248","3","eBZEv2F3RUvtST6fx0cK","26","Lutjanus analis","U.S. Food and Drug Administration","FDA-248","Reference Standard Sequence Library: Lutjanus analis","https://hfpappexternal.fda.gov/scripts/fdcc/index.cfm?id=FDA_248&set=RSSL_seafood_barcode_data","","","Public domain â€” verification pending","","Federal FDA item page; exact image authorship/public-domain status is not stated on the item page.","PHOTOGRAPH_CANDIDATE","CONTROLLED_REFERENCE","fda-rssl-fda-248","SPECIALIST_REQUIRED","RIGHTS_PENDING","PENDING","PENDING","Real federal reference record, but it is not counted as likely rights-usable until item-level image authorship is established."
"pocv2f-wc-10333908-c4","4","qDlhElFdSz5UOHDkU8Pe","36","Lactophrys triqueter","Wikimedia Commons","10333908","File:BLW Coffer Fish.jpg","https://commons.wikimedia.org/wiki/?curid=10333908","https://upload.wikimedia.org/wikipedia/commons/0/08/BLW_Coffer_Fish.jpg?utm_source=commons.wikimedia.org&utm_campaign=imageinfo&utm_content=original","David Jackson","CC BY-SA 2.0 uk","https://creativecommons.org/licenses/by-sa/2.0/uk/deed.en","Commons item extmetadata; exact file-page review still required","PHOTOGRAPH_CANDIDATE","OTHER","david-jackson__blw-coffer-fish","ENHANCED_REVIEW","EXCLUDE_LICENSE","PENDING","PENDING","Originally uploaded at http://www.britainloveswikipedia.org/ Coffer-Fish; Ostracion triqueter and O. quadricornis"
"pocv2f-wc-10462280-c4","4","qDlhElFdSz5UOHDkU8Pe","36","Lactophrys triqueter","Wikimedia Commons","10462280","File:Lactophrys triqueter1.jpg","https://commons.wikimedia.org/wiki/?curid=10462280","https://upload.wikimedia.org/wikipedia/commons/6/60/Lactophrys_triqueter1.jpg?utm_source=commons.wikimedia.org&utm_campaign=imageinfo&utm_content=original","Krüger","Public domain","","Commons item extmetadata; exact file-page review still required","PHOTOGRAPH_CANDIDATE","OTHER","kr-ger__lactophrys-triqueter","ENHANCED_REVIEW","PLAUSIBLE","PENDING","PENDING","Bibliothèque nationale de France Rhinesomus triqueter syn. Lactophrys triqueter"
"pocv2f-wc-106646709-c4","4","qDlhElFdSz5UOHDkU8Pe","36","Lactophrys triqueter","Wikimedia Commons","106646709","File:Smooth trunkfish Lactophrys triqueter.jpg","https://commons.wikimedia.org/wiki/?curid=106646709","https://upload.wikimedia.org/wikipedia/commons/b/bd/Smooth_trunkfish_Lactophrys_triqueter.jpg?utm_source=commons.wikimedia.org&utm_campaign=imageinfo&utm_content=original","Paul Asman and Jill Lenoble","CC BY 2.0","https://creativecommons.org/licenses/by/2.0","Commons item extmetadata; exact file-page review still required","PHOTOGRAPH_CANDIDATE","OTHER","paul-asman-and-jill-lenoble__smooth-trunkfish-lactophrys-triqueter","ENHANCED_REVIEW","PLAUSIBLE","PENDING","PENDING","https://www.flickr.com/photos/pauljill/3459023531/ Lactophrys triqueter with slippery dick Halichoeres bivittatus juvenile"
"pocv2f-wc-139303027-c4","4","qDlhElFdSz5UOHDkU8Pe","36","Lactophrys triqueter","Wikimedia Commons","139303027","File:Smooth Trunkfish Molasses Reef 1999.jpg","https://commons.wikimedia.org/wiki/?curid=139303027","https://upload.wikimedia.org/wikipedia/commons/a/ae/Smooth_Trunkfish_Molasses_Reef_1999.jpg?utm_source=commons.wikimedia.org&utm_campaign=imageinfo&utm_content=original","Jstuby","CC0","http://creativecommons.org/publicdomain/zero/1.0/deed.en","Commons item extmetadata; exact file-page review still required","PHOTOGRAPH_CANDIDATE","NATURAL_UNDERWATER","jstuby__smooth-trunkfish-molasses-reef","ENHANCED_REVIEW","PLAUSIBLE","PENDING","PENDING","Own work Smooth Trunkfish ( Lactophrys triqueter ) and Gorgonia sp. at Molasses Reef, Florida Keys."
"pocv2f-wc-145324389-c4","4","qDlhElFdSz5UOHDkU8Pe","36","Lactophrys triqueter","Wikimedia Commons","145324389","File:Sergeant Major Fish Píntano Abudefduf Saxatilis Fringing reef Beaches of Noord Aruba.jpg","https://commons.wikimedia.org/wiki/?curid=145324389","https://upload.wikimedia.org/wikipedia/commons/3/3b/Sergeant_Major_Fish_P%C3%ADntano_Abudefduf_Saxatilis_Fringing_reef_Beaches_of_Noord_Aruba.jpg?utm_source=commons.wikimedia.org&utm_campaign=imageinfo&utm_content=original","EgorovaSvetlana","CC BY-SA 4.0","https://creativecommons.org/licenses/by-sa/4.0","Commons item extmetadata; exact file-page review still required","PHOTOGRAPH_CANDIDATE","NATURAL_UNDERWATER","egorovasvetlana__sergeant-major-fish-p-ntano-abudefduf-saxatilis-fringing-reef-beaches-of-noord-aruba","ENHANCED_REVIEW","EXCLUDE_LICENSE","PENDING","PENDING","Own work Sergeant Major Fish Píntano Abudefduf Saxatilis and Smooth Trunkfish Rhinesomus triqueter Lactophrys Triqueter Fringing Reef Beaches of Noord Aruba"
"pocv2f-wc-156546140-c4","4","qDlhElFdSz5UOHDkU8Pe","36","Lactophrys triqueter","Wikimedia Commons","156546140","File:Lactophrys triqueter 339217458.jpg","https://commons.wikimedia.org/wiki/?curid=156546140","https://upload.wikimedia.org/wikipedia/commons/d/d4/Lactophrys_triqueter_339217458.jpg?utm_source=commons.wikimedia.org&utm_campaign=imageinfo&utm_content=original","Pauline Walsh Jacobson","CC BY 4.0","https://creativecommons.org/licenses/by/4.0","Commons item extmetadata; exact file-page review still required","PHOTOGRAPH_CANDIDATE","OTHER","pauline-walsh-jacobson__lactophrys-triqueter","ENHANCED_REVIEW","EXCLUDE_PROHIBITED_ORIGIN","PENDING","PENDING","https://www.inaturalist.org/photos/339217458 Smooth Trunkfish ( Lactophrys triqueter ) in United States Virgin Islands"
"pocv2f-wc-156546154-c4","4","qDlhElFdSz5UOHDkU8Pe","36","Lactophrys triqueter","Wikimedia Commons","156546154","File:Lactophrys triqueter 345029950.jpg","https://commons.wikimedia.org/wiki/?curid=156546154","https://upload.wikimedia.org/wikipedia/commons/f/f2/Lactophrys_triqueter_345029950.jpg?utm_source=commons.wikimedia.org&utm_campaign=imageinfo&utm_content=original","Pauline Walsh Jacobson","CC BY 4.0","https://creativecommons.org/licenses/by/4.0","Commons item extmetadata; exact file-page review still required","PHOTOGRAPH_CANDIDATE","OTHER","pauline-walsh-jacobson__lactophrys-triqueter","ENHANCED_REVIEW","EXCLUDE_PROHIBITED_ORIGIN","PENDING","PENDING","https://www.inaturalist.org/photos/345029950 Smooth Trunkfish ( Lactophrys triqueter ) in United States Virgin Islands"
"pocv2f-wc-156546157-c4","4","qDlhElFdSz5UOHDkU8Pe","36","Lactophrys triqueter","Wikimedia Commons","156546157","File:Lactophrys triqueter 345028896.jpg","https://commons.wikimedia.org/wiki/?curid=156546157","https://upload.wikimedia.org/wikipedia/commons/c/c5/Lactophrys_triqueter_345028896.jpg?utm_source=commons.wikimedia.org&utm_campaign=imageinfo&utm_content=original","Pauline Walsh Jacobson","CC BY 4.0","https://creativecommons.org/licenses/by/4.0","Commons item extmetadata; exact file-page review still required","PHOTOGRAPH_CANDIDATE","OTHER","pauline-walsh-jacobson__lactophrys-triqueter","ENHANCED_REVIEW","EXCLUDE_PROHIBITED_ORIGIN","PENDING","PENDING","https://www.inaturalist.org/photos/345028896 Smooth Trunkfish ( Lactophrys triqueter ) in United States Virgin Islands"
"pocv2f-wc-156546165-c4","4","qDlhElFdSz5UOHDkU8Pe","36","Lactophrys triqueter","Wikimedia Commons","156546165","File:Lactophrys triqueter 345230578.jpg","https://commons.wikimedia.org/wiki/?curid=156546165","https://upload.wikimedia.org/wikipedia/commons/5/59/Lactophrys_triqueter_345230578.jpg?utm_source=commons.wikimedia.org&utm_campaign=imageinfo&utm_content=original","Pauline Walsh Jacobson","CC BY 4.0","https://creativecommons.org/licenses/by/4.0","Commons item extmetadata; exact file-page review still required","PHOTOGRAPH_CANDIDATE","OTHER","pauline-walsh-jacobson__lactophrys-triqueter","ENHANCED_REVIEW","EXCLUDE_PROHIBITED_ORIGIN","PENDING","PENDING","https://www.inaturalist.org/photos/345230578 Smooth Trunkfish ( Lactophrys triqueter ) in United States Virgin Islands"
"pocv2f-wc-156546171-c4","4","qDlhElFdSz5UOHDkU8Pe","36","Lactophrys triqueter","Wikimedia Commons","156546171","File:Lactophrys triqueter 345230936.jpg","https://commons.wikimedia.org/wiki/?curid=156546171","https://upload.wikimedia.org/wikipedia/commons/2/23/Lactophrys_triqueter_345230936.jpg?utm_source=commons.wikimedia.org&utm_campaign=imageinfo&utm_content=original","Pauline Walsh Jacobson","CC BY 4.0","https://creativecommons.org/licenses/by/4.0","Commons item extmetadata; exact file-page review still required","PHOTOGRAPH_CANDIDATE","OTHER","pauline-walsh-jacobson__lactophrys-triqueter","ENHANCED_REVIEW","EXCLUDE_PROHIBITED_ORIGIN","PENDING","PENDING","https://www.inaturalist.org/photos/345230936 Smooth Trunkfish ( Lactophrys triqueter ) in United States Virgin Islands"
"pocv2f-wc-156546180-c4","4","qDlhElFdSz5UOHDkU8Pe","36","Lactophrys triqueter","Wikimedia Commons","156546180","File:Lactophrys triqueter 354611715.jpg","https://commons.wikimedia.org/wiki/?curid=156546180","https://upload.wikimedia.org/wikipedia/commons/0/0d/Lactophrys_triqueter_354611715.jpg?utm_source=commons.wikimedia.org&utm_campaign=imageinfo&utm_content=original","Jay Brasher","CC BY 4.0","https://creativecommons.org/licenses/by/4.0","Commons item extmetadata; exact file-page review still required","PHOTOGRAPH_CANDIDATE","OTHER","jay-brasher__lactophrys-triqueter","ENHANCED_REVIEW","EXCLUDE_PROHIBITED_ORIGIN","PENDING","PENDING","https://www.inaturalist.org/photos/354611715 Smooth Trunkfish ( Lactophrys triqueter ) in Bonaire, Sint Eustatius and Saba"
"pocv2f-wc-156546184-c4","4","qDlhElFdSz5UOHDkU8Pe","36","Lactophrys triqueter","Wikimedia Commons","156546184","File:Lactophrys triqueter 359742969.jpg","https://commons.wikimedia.org/wiki/?curid=156546184","https://upload.wikimedia.org/wikipedia/commons/d/dc/Lactophrys_triqueter_359742969.jpg?utm_source=commons.wikimedia.org&utm_campaign=imageinfo&utm_content=original","Pauline Walsh Jacobson","CC BY 4.0","https://creativecommons.org/licenses/by/4.0","Commons item extmetadata; exact file-page review still required","PHOTOGRAPH_CANDIDATE","OTHER","pauline-walsh-jacobson__lactophrys-triqueter","ENHANCED_REVIEW","EXCLUDE_PROHIBITED_ORIGIN","PENDING","PENDING","https://www.inaturalist.org/photos/359742969 Smooth Trunkfish ( Lactophrys triqueter ) in Bonaire, Sint Eustatius and Saba"
"pocv2f-wc-156546185-c4","4","qDlhElFdSz5UOHDkU8Pe","36","Lactophrys triqueter","Wikimedia Commons","156546185","File:Lactophrys triqueter 360298410.jpg","https://commons.wikimedia.org/wiki/?curid=156546185","https://upload.wikimedia.org/wikipedia/commons/f/f1/Lactophrys_triqueter_360298410.jpg?utm_source=commons.wikimedia.org&utm_campaign=imageinfo&utm_content=original","Pauline Walsh Jacobson","CC BY 4.0","https://creativecommons.org/licenses/by/4.0","Commons item extmetadata; exact file-page review still required","PHOTOGRAPH_CANDIDATE","OTHER","pauline-walsh-jacobson__lactophrys-triqueter","ENHANCED_REVIEW","EXCLUDE_PROHIBITED_ORIGIN","PENDING","PENDING","https://www.inaturalist.org/photos/360298410 Smooth Trunkfish ( Lactophrys triqueter ) in Bonaire, Sint Eustatius and Saba"
"pocv2f-wc-156546189-c4","4","qDlhElFdSz5UOHDkU8Pe","36","Lactophrys triqueter","Wikimedia Commons","156546189","File:Lactophrys triqueter 360549097.jpg","https://commons.wikimedia.org/wiki/?curid=156546189","https://upload.wikimedia.org/wikipedia/commons/a/a2/Lactophrys_triqueter_360549097.jpg?utm_source=commons.wikimedia.org&utm_campaign=imageinfo&utm_content=original","Pauline Walsh Jacobson","CC BY 4.0","https://creativecommons.org/licenses/by/4.0","Commons item extmetadata; exact file-page review still required","PHOTOGRAPH_CANDIDATE","OTHER","pauline-walsh-jacobson__lactophrys-triqueter","ENHANCED_REVIEW","EXCLUDE_PROHIBITED_ORIGIN","PENDING","PENDING","https://www.inaturalist.org/photos/360549097 Smooth Trunkfish ( Lactophrys triqueter ) in Bonaire, Sint Eustatius and Saba"
"pocv2f-wc-156546196-c4","4","qDlhElFdSz5UOHDkU8Pe","36","Lactophrys triqueter","Wikimedia Commons","156546196","File:Lactophrys triqueter 360854233.jpg","https://commons.wikimedia.org/wiki/?curid=156546196","https://upload.wikimedia.org/wikipedia/commons/b/bd/Lactophrys_triqueter_360854233.jpg?utm_source=commons.wikimedia.org&utm_campaign=imageinfo&utm_content=original","Pauline Walsh Jacobson","CC BY 4.0","https://creativecommons.org/licenses/by/4.0","Commons item extmetadata; exact file-page review still required","PHOTOGRAPH_CANDIDATE","OTHER","pauline-walsh-jacobson__lactophrys-triqueter","ENHANCED_REVIEW","EXCLUDE_PROHIBITED_ORIGIN","PENDING","PENDING","https://www.inaturalist.org/photos/360854233 Smooth Trunkfish ( Lactophrys triqueter ) in Bonaire, Sint Eustatius and Saba"
"pocv2f-wc-156546203-c4","4","qDlhElFdSz5UOHDkU8Pe","36","Lactophrys triqueter","Wikimedia Commons","156546203","File:Lactophrys triqueter 360853647.jpg","https://commons.wikimedia.org/wiki/?curid=156546203","https://upload.wikimedia.org/wikipedia/commons/3/33/Lactophrys_triqueter_360853647.jpg?utm_source=commons.wikimedia.org&utm_campaign=imageinfo&utm_content=original","Pauline Walsh Jacobson","CC BY 4.0","https://creativecommons.org/licenses/by/4.0","Commons item extmetadata; exact file-page review still required","PHOTOGRAPH_CANDIDATE","OTHER","pauline-walsh-jacobson__lactophrys-triqueter","ENHANCED_REVIEW","EXCLUDE_PROHIBITED_ORIGIN","PENDING","PENDING","https://www.inaturalist.org/photos/360853647 Smooth Trunkfish ( Lactophrys triqueter ) in Bonaire, Sint Eustatius and Saba"
"pocv2f-wc-156546214-c4","4","qDlhElFdSz5UOHDkU8Pe","36","Lactophrys triqueter","Wikimedia Commons","156546214","File:Lactophrys triqueter 363664576.jpg","https://commons.wikimedia.org/wiki/?curid=156546214","https://upload.wikimedia.org/wikipedia/commons/6/63/Lactophrys_triqueter_363664576.jpg?utm_source=commons.wikimedia.org&utm_campaign=imageinfo&utm_content=original","Pauline Walsh Jacobson","CC BY 4.0","https://creativecommons.org/licenses/by/4.0","Commons item extmetadata; exact file-page review still required","PHOTOGRAPH_CANDIDATE","OTHER","pauline-walsh-jacobson__lactophrys-triqueter","ENHANCED_REVIEW","EXCLUDE_PROHIBITED_ORIGIN","PENDING","PENDING","https://www.inaturalist.org/photos/363664576 Smooth Trunkfish ( Lactophrys triqueter ) in United States Virgin Islands"
"pocv2f-wc-156546219-c4","4","qDlhElFdSz5UOHDkU8Pe","36","Lactophrys triqueter","Wikimedia Commons","156546219","File:Lactophrys triqueter 363663499.jpg","https://commons.wikimedia.org/wiki/?curid=156546219","https://upload.wikimedia.org/wikipedia/commons/3/35/Lactophrys_triqueter_363663499.jpg?utm_source=commons.wikimedia.org&utm_campaign=imageinfo&utm_content=original","Pauline Walsh Jacobson","CC BY 4.0","https://creativecommons.org/licenses/by/4.0","Commons item extmetadata; exact file-page review still required","PHOTOGRAPH_CANDIDATE","OTHER","pauline-walsh-jacobson__lactophrys-triqueter","ENHANCED_REVIEW","EXCLUDE_PROHIBITED_ORIGIN","PENDING","PENDING","https://www.inaturalist.org/photos/363663499 Smooth Trunkfish ( Lactophrys triqueter ) in United States Virgin Islands"
"pocv2f-wc-156546225-c4","4","qDlhElFdSz5UOHDkU8Pe","36","Lactophrys triqueter","Wikimedia Commons","156546225","File:Lactophrys triqueter 364951522.jpg","https://commons.wikimedia.org/wiki/?curid=156546225","https://upload.wikimedia.org/wikipedia/commons/a/ac/Lactophrys_triqueter_364951522.jpg?utm_source=commons.wikimedia.org&utm_campaign=imageinfo&utm_content=original","cello caruso-turiello","CC BY 4.0","https://creativecommons.org/licenses/by/4.0","Commons item extmetadata; exact file-page review still required","PHOTOGRAPH_CANDIDATE","OTHER","cello-caruso-turiello__lactophrys-triqueter","ENHANCED_REVIEW","EXCLUDE_PROHIBITED_ORIGIN","PENDING","PENDING","https://www.inaturalist.org/photos/364951522 Smooth Trunkfish ( Lactophrys triqueter ) in Honduras"
"pocv2f-wc-156546231-c4","4","qDlhElFdSz5UOHDkU8Pe","36","Lactophrys triqueter","Wikimedia Commons","156546231","File:Lactophrys triqueter 379390007.jpg","https://commons.wikimedia.org/wiki/?curid=156546231","https://upload.wikimedia.org/wikipedia/commons/0/02/Lactophrys_triqueter_379390007.jpg?utm_source=commons.wikimedia.org&utm_campaign=imageinfo&utm_content=original","Pauline Walsh Jacobson","CC BY 4.0","https://creativecommons.org/licenses/by/4.0","Commons item extmetadata; exact file-page review still required","PHOTOGRAPH_CANDIDATE","OTHER","pauline-walsh-jacobson__lactophrys-triqueter","ENHANCED_REVIEW","EXCLUDE_PROHIBITED_ORIGIN","PENDING","PENDING","https://www.inaturalist.org/photos/379390007 Smooth Trunkfish ( Lactophrys triqueter ) in United States Virgin Islands"
"pocv2f-wc-156546235-c4","4","qDlhElFdSz5UOHDkU8Pe","36","Lactophrys triqueter","Wikimedia Commons","156546235","File:Lactophrys triqueter 382180538.jpg","https://commons.wikimedia.org/wiki/?curid=156546235","https://upload.wikimedia.org/wikipedia/commons/1/1f/Lactophrys_triqueter_382180538.jpg?utm_source=commons.wikimedia.org&utm_campaign=imageinfo&utm_content=original","Pauline Walsh Jacobson","CC BY 4.0","https://creativecommons.org/licenses/by/4.0","Commons item extmetadata; exact file-page review still required","PHOTOGRAPH_CANDIDATE","OTHER","pauline-walsh-jacobson__lactophrys-triqueter","ENHANCED_REVIEW","EXCLUDE_PROHIBITED_ORIGIN","PENDING","PENDING","https://www.inaturalist.org/photos/382180538 Smooth Trunkfish ( Lactophrys triqueter ) in United States Virgin Islands"
"pocv2f-wc-156546239-c4","4","qDlhElFdSz5UOHDkU8Pe","36","Lactophrys triqueter","Wikimedia Commons","156546239","File:Lactophrys triqueter 382180013.jpg","https://commons.wikimedia.org/wiki/?curid=156546239","https://upload.wikimedia.org/wikipedia/commons/e/e8/Lactophrys_triqueter_382180013.jpg?utm_source=commons.wikimedia.org&utm_campaign=imageinfo&utm_content=original","Pauline Walsh Jacobson","CC BY 4.0","https://creativecommons.org/licenses/by/4.0","Commons item extmetadata; exact file-page review still required","PHOTOGRAPH_CANDIDATE","OTHER","pauline-walsh-jacobson__lactophrys-triqueter","ENHANCED_REVIEW","EXCLUDE_PROHIBITED_ORIGIN","PENDING","PENDING","https://www.inaturalist.org/photos/382180013 Smooth Trunkfish ( Lactophrys triqueter ) in United States Virgin Islands"
"pocv2f-wc-156546244-c4","4","qDlhElFdSz5UOHDkU8Pe","36","Lactophrys triqueter","Wikimedia Commons","156546244","File:Lactophrys triqueter 404162461.jpg","https://commons.wikimedia.org/wiki/?curid=156546244","https://upload.wikimedia.org/wikipedia/commons/9/98/Lactophrys_triqueter_404162461.jpg?utm_source=commons.wikimedia.org&utm_campaign=imageinfo&utm_content=original","Pauline Walsh Jacobson","CC BY 4.0","https://creativecommons.org/licenses/by/4.0","Commons item extmetadata; exact file-page review still required","PHOTOGRAPH_CANDIDATE","OTHER","pauline-walsh-jacobson__lactophrys-triqueter","ENHANCED_REVIEW","EXCLUDE_PROHIBITED_ORIGIN","PENDING","PENDING","https://www.inaturalist.org/photos/404162461 Smooth Trunkfish ( Lactophrys triqueter ) in Honduras"
"pocv2f-wc-156546254-c4","4","qDlhElFdSz5UOHDkU8Pe","36","Lactophrys triqueter","Wikimedia Commons","156546254","File:Lactophrys triqueter 404161313.jpg","https://commons.wikimedia.org/wiki/?curid=156546254","https://upload.wikimedia.org/wikipedia/commons/1/10/Lactophrys_triqueter_404161313.jpg?utm_source=commons.wikimedia.org&utm_campaign=imageinfo&utm_content=original","Pauline Walsh Jacobson","CC BY 4.0","https://creativecommons.org/licenses/by/4.0","Commons item extmetadata; exact file-page review still required","PHOTOGRAPH_CANDIDATE","OTHER","pauline-walsh-jacobson__lactophrys-triqueter","ENHANCED_REVIEW","EXCLUDE_PROHIBITED_ORIGIN","PENDING","PENDING","https://www.inaturalist.org/photos/404161313 Smooth Trunkfish ( Lactophrys triqueter ) in Honduras"
"pocv2f-wc-156546264-c4","4","qDlhElFdSz5UOHDkU8Pe","36","Lactophrys triqueter","Wikimedia Commons","156546264","File:Lactophrys triqueter 415918145.jpg","https://commons.wikimedia.org/wiki/?curid=156546264","https://upload.wikimedia.org/wikipedia/commons/9/9b/Lactophrys_triqueter_415918145.jpg?utm_source=commons.wikimedia.org&utm_campaign=imageinfo&utm_content=original","Pauline Walsh Jacobson","CC BY 4.0","https://creativecommons.org/licenses/by/4.0","Commons item extmetadata; exact file-page review still required","PHOTOGRAPH_CANDIDATE","OTHER","pauline-walsh-jacobson__lactophrys-triqueter","ENHANCED_REVIEW","EXCLUDE_PROHIBITED_ORIGIN","PENDING","PENDING","https://www.inaturalist.org/photos/415918145 Smooth Trunkfish ( Lactophrys triqueter ) in Bonaire, Sint Eustatius and Saba"
"pocv2f-wc-156546270-c4","4","qDlhElFdSz5UOHDkU8Pe","36","Lactophrys triqueter","Wikimedia Commons","156546270","File:Lactophrys triqueter 415922275.jpg","https://commons.wikimedia.org/wiki/?curid=156546270","https://upload.wikimedia.org/wikipedia/commons/d/de/Lactophrys_triqueter_415922275.jpg?utm_source=commons.wikimedia.org&utm_campaign=imageinfo&utm_content=original","Pauline Walsh Jacobson","CC BY 4.0","https://creativecommons.org/licenses/by/4.0","Commons item extmetadata; exact file-page review still required","PHOTOGRAPH_CANDIDATE","OTHER","pauline-walsh-jacobson__lactophrys-triqueter","ENHANCED_REVIEW","EXCLUDE_PROHIBITED_ORIGIN","PENDING","PENDING","https://www.inaturalist.org/photos/415922275 Smooth Trunkfish ( Lactophrys triqueter ) in Bonaire, Sint Eustatius and Saba"
"pocv2f-wc-156546273-c4","4","qDlhElFdSz5UOHDkU8Pe","36","Lactophrys triqueter","Wikimedia Commons","156546273","File:Lactophrys triqueter 416046283.jpg","https://commons.wikimedia.org/wiki/?curid=156546273","https://upload.wikimedia.org/wikipedia/commons/f/ff/Lactophrys_triqueter_416046283.jpg?utm_source=commons.wikimedia.org&utm_campaign=imageinfo&utm_content=original","Jay Brasher","CC BY 4.0","https://creativecommons.org/licenses/by/4.0","Commons item extmetadata; exact file-page review still required","PHOTOGRAPH_CANDIDATE","OTHER","jay-brasher__lactophrys-triqueter","ENHANCED_REVIEW","EXCLUDE_PROHIBITED_ORIGIN","PENDING","PENDING","https://www.inaturalist.org/photos/416046283 Smooth Trunkfish ( Lactophrys triqueter ) in Bonaire, Sint Eustatius and Saba"
"pocv2f-wc-156546277-c4","4","qDlhElFdSz5UOHDkU8Pe","36","Lactophrys triqueter","Wikimedia Commons","156546277","File:Lactophrys triqueter 416598785.jpg","https://commons.wikimedia.org/wiki/?curid=156546277","https://upload.wikimedia.org/wikipedia/commons/d/df/Lactophrys_triqueter_416598785.jpg?utm_source=commons.wikimedia.org&utm_campaign=imageinfo&utm_content=original","Pauline Walsh Jacobson","CC BY 4.0","https://creativecommons.org/licenses/by/4.0","Commons item extmetadata; exact file-page review still required","PHOTOGRAPH_CANDIDATE","OTHER","pauline-walsh-jacobson__lactophrys-triqueter","ENHANCED_REVIEW","EXCLUDE_PROHIBITED_ORIGIN","PENDING","PENDING","https://www.inaturalist.org/photos/416598785 Smooth Trunkfish ( Lactophrys triqueter ) in Bonaire, Sint Eustatius and Saba"
"pocv2f-wc-156546279-c4","4","qDlhElFdSz5UOHDkU8Pe","36","Lactophrys triqueter","Wikimedia Commons","156546279","File:Lactophrys triqueter 418651374.jpg","https://commons.wikimedia.org/wiki/?curid=156546279","https://upload.wikimedia.org/wikipedia/commons/b/b6/Lactophrys_triqueter_418651374.jpg?utm_source=commons.wikimedia.org&utm_campaign=imageinfo&utm_content=original","Pauline Walsh Jacobson","CC BY 4.0","https://creativecommons.org/licenses/by/4.0","Commons item extmetadata; exact file-page review still required","PHOTOGRAPH_CANDIDATE","OTHER","pauline-walsh-jacobson__lactophrys-triqueter","ENHANCED_REVIEW","EXCLUDE_PROHIBITED_ORIGIN","PENDING","PENDING","https://www.inaturalist.org/photos/418651374 Smooth Trunkfish ( Lactophrys triqueter ) in Bonaire, Sint Eustatius and Saba"
"pocv2f-wc-156546286-c4","4","qDlhElFdSz5UOHDkU8Pe","36","Lactophrys triqueter","Wikimedia Commons","156546286","File:Lactophrys triqueter 422605417.jpg","https://commons.wikimedia.org/wiki/?curid=156546286","https://upload.wikimedia.org/wikipedia/commons/8/85/Lactophrys_triqueter_422605417.jpg?utm_source=commons.wikimedia.org&utm_campaign=imageinfo&utm_content=original","Jay Brasher","CC BY 4.0","https://creativecommons.org/licenses/by/4.0","Commons item extmetadata; exact file-page review still required","PHOTOGRAPH_CANDIDATE","OTHER","jay-brasher__lactophrys-triqueter","ENHANCED_REVIEW","EXCLUDE_PROHIBITED_ORIGIN","PENDING","PENDING","https://www.inaturalist.org/photos/422605417 Smooth Trunkfish ( Lactophrys triqueter ) in Bonaire, Sint Eustatius and Saba"
"pocv2f-wc-18426830-c4","4","qDlhElFdSz5UOHDkU8Pe","36","Lactophrys triqueter","Wikimedia Commons","18426830","File:Acanthostracion polygonius - Honeycomb cowfish IMG 0161 C.JPG","https://commons.wikimedia.org/wiki/?curid=18426830","https://upload.wikimedia.org/wikipedia/commons/e/e2/Acanthostracion_polygonius_-_Honeycomb_cowfish_IMG_0161_C.JPG?utm_source=commons.wikimedia.org&utm_campaign=imageinfo&utm_content=original","Anneli Salo","CC BY-SA 3.0","https://creativecommons.org/licenses/by-sa/3.0","Commons item extmetadata; exact file-page review still required","PHOTOGRAPH_CANDIDATE","OTHER","anneli-salo__acanthostracion-polygonius-honeycomb-cowfish-c","ENHANCED_REVIEW","EXCLUDE_LICENSE","PENDING","PENDING","Own work Smooth trunkfish (Lactophrys triqueter) was swimming in the Carenage of St. George's in Grenada. The water in the port was not quite clear."
"pocv2f-wc-195588491-c4","4","qDlhElFdSz5UOHDkU8Pe","36","Lactophrys triqueter","Wikimedia Commons","195588491","File:Pez cofre (Lactophrys triqueter), Cozumel, México, 2025-12-20, DD 37.jpg","https://commons.wikimedia.org/wiki/?curid=195588491","https://upload.wikimedia.org/wikipedia/commons/0/0c/Pez_cofre_%28Lactophrys_triqueter%29%2C_Cozumel%2C_M%C3%A9xico%2C_2025-12-20%2C_DD_37.jpg?utm_source=commons.wikimedia.org&utm_campaign=imageinfo&utm_content=original","Diego Delso","CC BY-SA 4.0","https://creativecommons.org/licenses/by-sa/4.0","Commons item extmetadata; exact file-page review still required","PHOTOGRAPH_CANDIDATE","OTHER","diego-delso__pez-cofre-lactophrys-triqueter-cozumel-m-xico","ENHANCED_REVIEW","EXCLUDE_LICENSE","PENDING","PENDING","Own work Smooth trunkfish ( Lactophrys triqueter ), Cozumel, Mexico"
"pocv2f-wc-195588492-c4","4","qDlhElFdSz5UOHDkU8Pe","36","Lactophrys triqueter","Wikimedia Commons","195588492","File:Pez cofre (Lactophrys triqueter), Cozumel, México, 2025-12-20, DD 132.jpg","https://commons.wikimedia.org/wiki/?curid=195588492","https://upload.wikimedia.org/wikipedia/commons/2/2b/Pez_cofre_%28Lactophrys_triqueter%29%2C_Cozumel%2C_M%C3%A9xico%2C_2025-12-20%2C_DD_132.jpg?utm_source=commons.wikimedia.org&utm_campaign=imageinfo&utm_content=original","Diego Delso","CC BY-SA 4.0","https://creativecommons.org/licenses/by-sa/4.0","Commons item extmetadata; exact file-page review still required","PHOTOGRAPH_CANDIDATE","OTHER","diego-delso__pez-cofre-lactophrys-triqueter-cozumel-m-xico","ENHANCED_REVIEW","EXCLUDE_LICENSE","PENDING","PENDING","Own work Smooth trunkfish ( Lactophrys triqueter ), Cozumel, Mexico"
"pocv2f-wc-195588496-c4","4","qDlhElFdSz5UOHDkU8Pe","36","Lactophrys triqueter","Wikimedia Commons","195588496","File:Pez cofre (Lactophrys triqueter), Cozumel, México, 2025-12-20, DD 133.jpg","https://commons.wikimedia.org/wiki/?curid=195588496","https://upload.wikimedia.org/wikipedia/commons/9/91/Pez_cofre_%28Lactophrys_triqueter%29%2C_Cozumel%2C_M%C3%A9xico%2C_2025-12-20%2C_DD_133.jpg?utm_source=commons.wikimedia.org&utm_campaign=imageinfo&utm_content=original","Diego Delso","CC BY-SA 4.0","https://creativecommons.org/licenses/by-sa/4.0","Commons item extmetadata; exact file-page review still required","PHOTOGRAPH_CANDIDATE","OTHER","diego-delso__pez-cofre-lactophrys-triqueter-cozumel-m-xico","ENHANCED_REVIEW","EXCLUDE_LICENSE","PENDING","PENDING","Own work Smooth trunkfish ( Lactophrys triqueter ), Cozumel, Mexico"
"pocv2f-wc-195588504-c4","4","qDlhElFdSz5UOHDkU8Pe","36","Lactophrys triqueter","Wikimedia Commons","195588504","File:Pez cofre (Lactophrys triqueter), Cozumel, México, 2025-12-20, DD 131.jpg","https://commons.wikimedia.org/wiki/?curid=195588504","https://upload.wikimedia.org/wikipedia/commons/9/9e/Pez_cofre_%28Lactophrys_triqueter%29%2C_Cozumel%2C_M%C3%A9xico%2C_2025-12-20%2C_DD_131.jpg?utm_source=commons.wikimedia.org&utm_campaign=imageinfo&utm_content=original","Diego Delso","CC BY-SA 4.0","https://creativecommons.org/licenses/by-sa/4.0","Commons item extmetadata; exact file-page review still required","PHOTOGRAPH_CANDIDATE","OTHER","diego-delso__pez-cofre-lactophrys-triqueter-cozumel-m-xico","ENHANCED_REVIEW","EXCLUDE_LICENSE","PENDING","PENDING","Own work Smooth trunkfish ( Lactophrys triqueter ), Cozumel, Mexico"
"pocv2f-wc-2114747-c4","4","qDlhElFdSz5UOHDkU8Pe","36","Lactophrys triqueter","Wikimedia Commons","2114747","File:Lactophrys triqueter 1.jpg","https://commons.wikimedia.org/wiki/?curid=2114747","https://upload.wikimedia.org/wikipedia/commons/c/c5/Lactophrys_triqueter_1.jpg?utm_source=commons.wikimedia.org&utm_campaign=imageinfo&utm_content=original","Becky A. Dayhuff, Environmental Educator","Public domain","","Commons item extmetadata; exact file-page review still required","PHOTOGRAPH_CANDIDATE","NATURAL_UNDERWATER","becky-a-dayhuff-environmental-educator__lactophrys-triqueter","ENHANCED_REVIEW","PLAUSIBLE","PENDING","PENDING","http://www.photolib.noaa.gov/htmls/reef1091.htm Smooth trunkfish ( Rhinesomus triqueter ) Image ID: reef1091, NOAA's Coral Kingdom Collection Location: Coki Beach, St. Thomas, USVI"
"pocv2f-wc-24405875-c4","4","qDlhElFdSz5UOHDkU8Pe","36","Lactophrys triqueter","Wikimedia Commons","24405875","File:Box Fish on Cobblers Reef.jpg","https://commons.wikimedia.org/wiki/?curid=24405875","https://upload.wikimedia.org/wikipedia/commons/3/3c/Box_Fish_on_Cobblers_Reef.jpg?utm_source=commons.wikimedia.org&utm_campaign=imageinfo&utm_content=original","Johnmartindavies","CC BY-SA 3.0","https://creativecommons.org/licenses/by-sa/3.0","Commons item extmetadata; exact file-page review still required","PHOTOGRAPH_CANDIDATE","FIELD_CAUGHT_HELD","johnmartindavies__box-fish-on-cobblers-reef","ENHANCED_REVIEW","EXCLUDE_LICENSE","PENDING","PENDING","Own work This Box Fish bwas caught by flash on Cobblers Reef"
"pocv2f-wc-24804157-c4","4","qDlhElFdSz5UOHDkU8Pe","36","Lactophrys triqueter","Wikimedia Commons","24804157","File:Oooooooooooooooooooo (5230897450).jpg","https://commons.wikimedia.org/wiki/?curid=24804157","https://upload.wikimedia.org/wikipedia/commons/2/28/Oooooooooooooooooooo_%285230897450%29.jpg?utm_source=commons.wikimedia.org&utm_campaign=imageinfo&utm_content=original","LASZLO ILYES from Cleveland, Ohio, USA","CC BY 2.0","https://creativecommons.org/licenses/by/2.0","Commons item extmetadata; exact file-page review still required","PHOTOGRAPH_CANDIDATE","NATURAL_UNDERWATER","laszlo-ilyes-from-cleveland-ohio-usa__oooooooooooooooooooo","ENHANCED_REVIEW","PLAUSIBLE","PENDING","PENDING","Oooooooooooooooooooo Uploaded by Jacopo Werther There were many Ooooo's and Ahhh's in the Sponge Forest. Smooth Trunkfish - Lactophrys triqueter Sponge Forest Reef, Curaçao N.A."
"pocv2f-wc-24804447-c4","4","qDlhElFdSz5UOHDkU8Pe","36","Lactophrys triqueter","Wikimedia Commons","24804447","File:Trunkfish (8419840193).jpg","https://commons.wikimedia.org/wiki/?curid=24804447","https://upload.wikimedia.org/wikipedia/commons/7/7a/Trunkfish_%288419840193%29.jpg?utm_source=commons.wikimedia.org&utm_campaign=imageinfo&utm_content=original","LASZLO ILYES from Cleveland, Ohio, USA","CC BY 2.0","https://creativecommons.org/licenses/by/2.0","Commons item extmetadata; exact file-page review still required","PHOTOGRAPH_CANDIDATE","OTHER","laszlo-ilyes-from-cleveland-ohio-usa__trunkfish","ENHANCED_REVIEW","PLAUSIBLE","PENDING","PENDING","Trunkfish Uploaded by Jacopo Werther High resolution macro of a smooth trunkfish ( Rhinesomus triqueter )."
"pocv2f-wc-25257523-c4","4","qDlhElFdSz5UOHDkU8Pe","36","Lactophrys triqueter","Wikimedia Commons","25257523","File:Smooth trunkfish Lactophrys triqueter (4675040565).jpg","https://commons.wikimedia.org/wiki/?curid=25257523","https://upload.wikimedia.org/wikipedia/commons/d/d0/Smooth_trunkfish_Lactophrys_triqueter_%284675040565%29.jpg?utm_source=commons.wikimedia.org&utm_campaign=imageinfo&utm_content=original","Paul Asman and Jill Lenoble","CC BY 2.0","https://creativecommons.org/licenses/by/2.0","Commons item extmetadata; exact file-page review still required","PHOTOGRAPH_CANDIDATE","OTHER","paul-asman-and-jill-lenoble__smooth-trunkfish-lactophrys-triqueter","ENHANCED_REVIEW","PLAUSIBLE","PENDING","PENDING","smooth trunkfish Lactophrys triqueter Uploaded by Amada44 smooth trunkfish Lactophrys triqueter"
"pocv2f-wc-25257524-c4","4","qDlhElFdSz5UOHDkU8Pe","36","Lactophrys triqueter","Wikimedia Commons","25257524","File:Smooth trunkfish Lactophrys triqueter (4675662982).jpg","https://commons.wikimedia.org/wiki/?curid=25257524","https://upload.wikimedia.org/wikipedia/commons/6/67/Smooth_trunkfish_Lactophrys_triqueter_%284675662982%29.jpg?utm_source=commons.wikimedia.org&utm_campaign=imageinfo&utm_content=original","Paul Asman and Jill Lenoble","CC BY 2.0","https://creativecommons.org/licenses/by/2.0","Commons item extmetadata; exact file-page review still required","PHOTOGRAPH_CANDIDATE","OTHER","paul-asman-and-jill-lenoble__smooth-trunkfish-lactophrys-triqueter","ENHANCED_REVIEW","PLAUSIBLE","PENDING","PENDING","smooth trunkfish Lactophrys triqueter Uploaded by Amada44 smooth trunkfish Lactophrys triqueter"
"pocv2f-wc-25258406-c4","4","qDlhElFdSz5UOHDkU8Pe","36","Lactophrys triqueter","Wikimedia Commons","25258406","File:Juvenile smooth trunkfish Lactophrys triqueter (2443201998).jpg","https://commons.wikimedia.org/wiki/?curid=25258406","https://upload.wikimedia.org/wikipedia/commons/a/a1/Juvenile_smooth_trunkfish_Lactophrys_triqueter_%282443201998%29.jpg?utm_source=commons.wikimedia.org&utm_campaign=imageinfo&utm_content=original","Paul Asman and Jill Lenoble","CC BY 2.0","https://creativecommons.org/licenses/by/2.0","Commons item extmetadata; exact file-page review still required","PHOTOGRAPH_CANDIDATE","NATURAL_UNDERWATER","paul-asman-and-jill-lenoble__juvenile-smooth-trunkfish-lactophrys-triqueter","ENHANCED_REVIEW","PLAUSIBLE","PENDING","PENDING","juvenile smooth trunkfish Lactophrys triqueter Uploaded by Amada44 with blade fire coral Millepora complanata and brown chromis Chromis multilineata"
"pocv2f-wc-25269041-c4","4","qDlhElFdSz5UOHDkU8Pe","36","Lactophrys triqueter","Wikimedia Commons","25269041","File:Smooth trunkfish Lactophrys triqueter (2412819413).jpg","https://commons.wikimedia.org/wiki/?curid=25269041","https://upload.wikimedia.org/wikipedia/commons/9/97/Smooth_trunkfish_Lactophrys_triqueter_%282412819413%29.jpg?utm_source=commons.wikimedia.org&utm_campaign=imageinfo&utm_content=original","Paul Asman and Jill Lenoble","CC BY 2.0","https://creativecommons.org/licenses/by/2.0","Commons item extmetadata; exact file-page review still required","PHOTOGRAPH_CANDIDATE","OTHER","paul-asman-and-jill-lenoble__smooth-trunkfish-lactophrys-triqueter","ENHANCED_REVIEW","PLAUSIBLE","PENDING","PENDING","smooth trunkfish Lactophrys triqueter Uploaded by Amada44 smooth trunkfish Lactophrys triqueter"
"pocv2f-wc-25298521-c4","4","qDlhElFdSz5UOHDkU8Pe","36","Lactophrys triqueter","Wikimedia Commons","25298521","File:Smooth trunkfish Lactophrys triqueter (3475246064).jpg","https://commons.wikimedia.org/wiki/?curid=25298521","https://upload.wikimedia.org/wikipedia/commons/d/dc/Smooth_trunkfish_Lactophrys_triqueter_%283475246064%29.jpg?utm_source=commons.wikimedia.org&utm_campaign=imageinfo&utm_content=original","Paul Asman and Jill Lenoble","CC BY 2.0","https://creativecommons.org/licenses/by/2.0","Commons item extmetadata; exact file-page review still required","PHOTOGRAPH_CANDIDATE","OTHER","paul-asman-and-jill-lenoble__smooth-trunkfish-lactophrys-triqueter","ENHANCED_REVIEW","PLAUSIBLE","PENDING","PENDING","smooth trunkfish Lactophrys triqueter Uploaded by Amada44 smooth trunkfish Lactophrys triqueter"
"pocv2f-wc-25298552-c4","4","qDlhElFdSz5UOHDkU8Pe","36","Lactophrys triqueter","Wikimedia Commons","25298552","File:Smooth trunkfish Lactophrys triqueter (3472626050).jpg","https://commons.wikimedia.org/wiki/?curid=25298552","https://upload.wikimedia.org/wikipedia/commons/e/e1/Smooth_trunkfish_Lactophrys_triqueter_%283472626050%29.jpg?utm_source=commons.wikimedia.org&utm_campaign=imageinfo&utm_content=original","Paul Asman and Jill Lenoble","CC BY 2.0","https://creativecommons.org/licenses/by/2.0","Commons item extmetadata; exact file-page review still required","PHOTOGRAPH_CANDIDATE","OTHER","paul-asman-and-jill-lenoble__smooth-trunkfish-lactophrys-triqueter","ENHANCED_REVIEW","PLAUSIBLE","PENDING","PENDING","smooth trunkfish Lactophrys triqueter Uploaded by Amada44 smooth trunkfish Lactophrys triqueter"
"pocv2f-wc-26150499-c4","4","qDlhElFdSz5UOHDkU8Pe","36","Lactophrys triqueter","Wikimedia Commons","26150499","File:Cuvier-112-Triodon-Baliste-coffre.jpg","https://commons.wikimedia.org/wiki/?curid=26150499","https://upload.wikimedia.org/wikipedia/commons/6/65/Cuvier-112-Triodon-Baliste-coffre.jpg?utm_source=commons.wikimedia.org&utm_campaign=imageinfo&utm_content=original","Rvalette","CC BY-SA 3.0","https://creativecommons.org/licenses/by-sa/3.0","Commons item extmetadata; exact file-page review still required","PHOTOGRAPH_CANDIDATE","OTHER","rvalette__cuvier-triodon-baliste-coffre","ENHANCED_REVIEW","EXCLUDE_LICENSE","PENDING","PENDING","Own work Planche N° 1112 du livre ""Le règne animal distribué d'après son organisation"" par Georges Cuvier (Tome 8), seconde édition de 1828, représentant : -en haut : Triodon macropterus syn. T. bursarius -au milieu : Rhinecanthus aculeatus syn. Balistes aculeatus -en bas : Rhinesomus triqueter syn. Lactophrys triqueter syn. Ostracion triqueter"
"pocv2f-wc-27512557-c4","4","qDlhElFdSz5UOHDkU8Pe","36","Lactophrys triqueter","Wikimedia Commons","27512557","File:Lactophrys triqueter - pone.0010676.g196.png","https://commons.wikimedia.org/wiki/?curid=27512557","https://upload.wikimedia.org/wikipedia/commons/2/29/Lactophrys_triqueter_-_pone.0010676.g196.png?utm_source=commons.wikimedia.org&utm_campaign=imageinfo&utm_content=original","Williams, J. T.; Carpenter, K. E.; Van Tassell, J. L.; Hoetjes, P.; Toller, W.; Etnoyer, P.; Smith, M.","CC BY 2.5","https://creativecommons.org/licenses/by/2.5","Commons item extmetadata; exact file-page review still required","PHOTOGRAPH_CANDIDATE","OTHER","williams-j-t-carpenter-k-e-van-tassell-j-l-hoetjes-p-toller-w-etnoyer-p-smith-m__lactophrys-triqueter-pone-g","ENHANCED_REVIEW","PLAUSIBLE","PENDING","PENDING","Williams, J. T.; Carpenter, K. E.; Van Tassell, J. L.; Hoetjes, P.; Toller, W.; Etnoyer, P.; Smith, M. (2010). "" Biodiversity Assessment of the Fishes of Saba Bank Atoll, Netherlands Antilles "". PLoS ONE 5 (5): e10676. DOI : 10.1371/journal.pone.0010676 . PMID 20505760 . PMC : 2873961 . Lactophrys triqueter (Linnaeus, 1758)—smooth trunkfish, 111.7 mm SL. Photo by JT Williams."
"pocv2f-wc-31721243-c4","4","qDlhElFdSz5UOHDkU8Pe","36","Lactophrys triqueter","Wikimedia Commons","31721243","File:Laika ac Playa Kalki (11880461916).jpg","https://commons.wikimedia.org/wiki/?curid=31721243","https://upload.wikimedia.org/wikipedia/commons/1/10/Laika_ac_Playa_Kalki_%2811880461916%29.jpg?utm_source=commons.wikimedia.org&utm_campaign=imageinfo&utm_content=original","Laika ac from USA","CC BY-SA 2.0","https://creativecommons.org/licenses/by-sa/2.0","Commons item extmetadata; exact file-page review still required","PHOTOGRAPH_CANDIDATE","OTHER","laika-ac-from-usa__laika-ac-playa-kalki","ENHANCED_REVIEW","EXCLUDE_LICENSE","PENDING","PENDING","Playa Kalki Playa Kalki"
"pocv2f-wc-39953068-c4","4","qDlhElFdSz5UOHDkU8Pe","36","Lactophrys triqueter","Wikimedia Commons","39953068","File:Lactophrys triqueter (smooth trunkfish) (San Salvador Island, Bahamas) 1 (15965681539).jpg","https://commons.wikimedia.org/wiki/?curid=39953068","https://upload.wikimedia.org/wikipedia/commons/6/61/Lactophrys_triqueter_%28smooth_trunkfish%29_%28San_Salvador_Island%2C_Bahamas%29_1_%2815965681539%29.jpg?utm_source=commons.wikimedia.org&utm_campaign=imageinfo&utm_content=original","James St. John","CC BY 2.0","https://creativecommons.org/licenses/by/2.0","Commons item extmetadata; exact file-page review still required","PHOTOGRAPH_CANDIDATE","NATURAL_UNDERWATER","james-st-john__lactophrys-triqueter-smooth-trunkfish-san-salvador-island-bahamas","ENHANCED_REVIEW","PLAUSIBLE","PENDING","PENDING","Lactophrys triqueter (smooth trunkfish) (San Salvador Island, Bahamas) 1 Lactophrys triqueter (Linnaeus, 1758) - smooth trunkfish. (photo taken by Mark Peter) Classification: Animalia, Chordata, Vertebrata, Actinopterygii, Tetraodontiformes, Ostraciidae Locality: landward of Snapshot Reef, Fernandez Bay, offshore western San Salvador Island, eastern Bahamas"
"pocv2f-wc-39953069-c4","4","qDlhElFdSz5UOHDkU8Pe","36","Lactophrys triqueter","Wikimedia Commons","39953069","File:Lactophrys triqueter (smooth trunkfish) (San Salvador Island, Bahamas) 3 (15964450260).jpg","https://commons.wikimedia.org/wiki/?curid=39953069","https://upload.wikimedia.org/wikipedia/commons/b/be/Lactophrys_triqueter_%28smooth_trunkfish%29_%28San_Salvador_Island%2C_Bahamas%29_3_%2815964450260%29.jpg?utm_source=commons.wikimedia.org&utm_campaign=imageinfo&utm_content=original","James St. John","CC BY 2.0","https://creativecommons.org/licenses/by/2.0","Commons item extmetadata; exact file-page review still required","PHOTOGRAPH_CANDIDATE","NATURAL_UNDERWATER","james-st-john__lactophrys-triqueter-smooth-trunkfish-san-salvador-island-bahamas","ENHANCED_REVIEW","PLAUSIBLE","PENDING","PENDING","Lactophrys triqueter (smooth trunkfish) (San Salvador Island, Bahamas) 3 Lactophrys triqueter (Linnaeus, 1758) - smooth trunkfish. (photo taken by Mark Peter) Center left: Millepora alcicornis (branching fire coral) Top: octocoral Classification: Animalia, Chordata, Vertebrata, Actinopterygii, Tetraodontiformes, Ostraciidae Locality: landward of Snapshot Reef, Fernandez Bay, offshore western San Salvador Island, eastern Bahamas"
"pocv2f-wc-39953070-c4","4","qDlhElFdSz5UOHDkU8Pe","36","Lactophrys triqueter","Wikimedia Commons","39953070","File:Lactophrys triqueter (smooth trunkfish) (San Salvador Island, Bahamas) 2 (15964329148).jpg","https://commons.wikimedia.org/wiki/?curid=39953070","https://upload.wikimedia.org/wikipedia/commons/6/6f/Lactophrys_triqueter_%28smooth_trunkfish%29_%28San_Salvador_Island%2C_Bahamas%29_2_%2815964329148%29.jpg?utm_source=commons.wikimedia.org&utm_campaign=imageinfo&utm_content=original","James St. John","CC BY 2.0","https://creativecommons.org/licenses/by/2.0","Commons item extmetadata; exact file-page review still required","PHOTOGRAPH_CANDIDATE","NATURAL_UNDERWATER","james-st-john__lactophrys-triqueter-smooth-trunkfish-san-salvador-island-bahamas","ENHANCED_REVIEW","PLAUSIBLE","PENDING","PENDING","Lactophrys triqueter (smooth trunkfish) (San Salvador Island, Bahamas) 2 Lactophrys triqueter (Linnaeus, 1758) - smooth trunkfish. (photo taken by Mark Peter) Classification: Animalia, Chordata, Vertebrata, Actinopterygii, Tetraodontiformes, Ostraciidae Locality: landward of Snapshot Reef, Fernandez Bay, offshore western San Salvador Island, eastern Bahamas"
"pocv2f-wc-42684416-c4","4","qDlhElFdSz5UOHDkU8Pe","36","Lactophrys triqueter","Wikimedia Commons","42684416","File:FMIB 37671 Cowfish (Lactophrys triqueter).jpeg","https://commons.wikimedia.org/wiki/?curid=42684416","https://upload.wikimedia.org/wikipedia/commons/8/84/FMIB_37671_Cowfish_%28Lactophrys_triqueter%29.jpeg?utm_source=commons.wikimedia.org&utm_campaign=imageinfo&utm_content=original","William Charles Schroeder","Public domain","","Commons item extmetadata; exact file-page review still required","PHOTOGRAPH_CANDIDATE","OTHER","william-charles-schroeder__fmib-cowfish-lactophrys-triqueter","ENHANCED_REVIEW","EXCLUDE_NON_FIELD_ARTIFACT","PENDING","PENDING","Schroeder, William C. (1924) Fisheries of Key West and the Clam Industry of Southern Florida , Report of the United States Commissioner of Fisheries for the Fiscal Year 1923 with Appendices, Washington, D.C. : Government Printing Office Cowfish (Lactophrys triqueter) Subject: Osteichthyes Tag: Fish"
"pocv2f-wc-42741164-c4","4","qDlhElFdSz5UOHDkU8Pe","36","Lactophrys triqueter","Wikimedia Commons","42741164","File:Histoire naturelle des quadrupèdes-ovipares (8313666191).jpg","https://commons.wikimedia.org/wiki/?curid=42741164","https://upload.wikimedia.org/wikipedia/commons/0/04/Histoire_naturelle_des_quadrup%C3%A8des-ovipares_%288313666191%29.jpg?utm_source=commons.wikimedia.org&utm_campaign=imageinfo&utm_content=original","La Cépède","Public domain","","Commons item extmetadata; exact file-page review still required","PHOTOGRAPH_CANDIDATE","OTHER","la-c-p-de__histoire-naturelle-des-quadrup-des-ovipares","ENHANCED_REVIEW","EXCLUDE_NON_FIELD_ARTIFACT","PENDING","PENDING","https://www.flickr.com/photos/biodivlibrary/8313666191 1. The Smooth trunkfish 2. The Triangular boxfish 3. The Spotted boxfish"
"pocv2f-wc-43022663-c4","4","qDlhElFdSz5UOHDkU8Pe","36","Lactophrys triqueter","Wikimedia Commons","43022663","File:FMIB 52094 Spineliss Trunkfish, Lactophrys triqueler (Linnaeus) Tortugas.jpeg","https://commons.wikimedia.org/wiki/?curid=43022663","https://upload.wikimedia.org/wikipedia/commons/3/36/FMIB_52094_Spineliss_Trunkfish%2C_Lactophrys_triqueler_%28Linnaeus%29_Tortugas.jpeg?utm_source=commons.wikimedia.org&utm_campaign=imageinfo&utm_content=original","David Starr Jordan","Public domain","","Commons item extmetadata; exact file-page review still required","PHOTOGRAPH_CANDIDATE","OTHER","david-starr-jordan__fmib-spineliss-trunkfish-lactophrys-triqueler-linnaeus-tortugas","ENHANCED_REVIEW","EXCLUDE_NON_FIELD_ARTIFACT","PENDING","PENDING","Jordan, David Starr (1907) Fishes , New York City, NY: Henry Holt and Company Spineliss Trunkfish, Lactophrys triqueler (Linnaeus). Tortugas Subject: Tetraodontiformes Tag: Fish"
"pocv2f-wc-43205198-c4","4","qDlhElFdSz5UOHDkU8Pe","36","Lactophrys triqueter","Wikimedia Commons","43205198","File:Ichthyologie; ou, Histoire naturelle des poissons (Plate 130) (6918389646).jpg","https://commons.wikimedia.org/wiki/?curid=43205198","https://upload.wikimedia.org/wikipedia/commons/e/e9/Ichthyologie%3B_ou%2C_Histoire_naturelle_des_poissons_%28Plate_130%29_%286918389646%29.jpg?utm_source=commons.wikimedia.org&utm_campaign=imageinfo&utm_content=original","Bloch, Marcus Elieser","Public domain","","Commons item extmetadata; exact file-page review still required","PHOTOGRAPH_CANDIDATE","OTHER","bloch-marcus-elieser__ichthyologie-ou-histoire-naturelle-des-poissons-plate","ENHANCED_REVIEW","EXCLUDE_NON_FIELD_ARTIFACT","PENDING","PENDING","https://www.flickr.com/photos/biodivlibrary/6918389646 Rhinesomus triqueter syn. Ostracion triqueter"
"pocv2f-wc-539041-c4","4","qDlhElFdSz5UOHDkU8Pe","36","Lactophrys triqueter","Wikimedia Commons","539041","File:TucacasBajoGrandeLactophrysTriqueter DasyatisAmericana.JPG","https://commons.wikimedia.org/wiki/?curid=539041","https://upload.wikimedia.org/wikipedia/commons/8/89/TucacasBajoGrandeLactophrysTriqueter_DasyatisAmericana.JPG?utm_source=commons.wikimedia.org&utm_campaign=imageinfo&utm_content=original","No machine-readable author provided. Pedrosanch assumed (based on copyright claims).","CC BY-SA 3.0","http://creativecommons.org/licenses/by-sa/3.0/","Commons item extmetadata; exact file-page review still required","PHOTOGRAPH_CANDIDATE","OTHER","no-machine-readable-author-provided-pedrosanch-assumed-based-on-copyright-claims__tucacasbajograndelactophrystriqueter-dasyatisamericana","ENHANCED_REVIEW","EXCLUDE_LICENSE","PENDING","PENDING","No machine-readable source provided. Own work assumed (based on copyright claims). Chapín desparasitando a una Raya. Jul-2004. Parque Nacional Morrocoy. Tucacas. Venezuela"
"pocv2f-wc-54964569-c4","4","qDlhElFdSz5UOHDkU8Pe","36","Lactophrys triqueter","Wikimedia Commons","54964569","File:Ostracion triqueter - 1700-1880 - Print - Iconographia Zoologica - Special Collections University of Amsterdam - UBA01 IZ15400205.tif","https://commons.wikimedia.org/wiki/?curid=54964569","https://upload.wikimedia.org/wikipedia/commons/8/86/Ostracion_triqueter_-_1700-1880_-_Print_-_Iconographia_Zoologica_-_Special_Collections_University_of_Amsterdam_-_UBA01_IZ15400205.tif?utm_source=commons.wikimedia.org&utm_campaign=imageinfo&utm_content=original","","Public domain","","Commons item extmetadata; exact file-page review still required","PHOTOGRAPH_CANDIDATE","AQUARIUM","unknown__ostracion-triqueter-print-iconographia-zoologica-special-collections-university-of-amsterdam-uba-iz","ENHANCED_REVIEW","EXCLUDE_NON_FIELD_ARTIFACT","PENDING","PENDING","Iconographia Zoologica Ostracion triqueter"
"pocv2f-wc-54964570-c4","4","qDlhElFdSz5UOHDkU8Pe","36","Lactophrys triqueter","Wikimedia Commons","54964570","File:Ostracion triqueter - 1700-1880 - Print - Iconographia Zoologica - Special Collections University of Amsterdam - UBA01 IZ15400203.tif","https://commons.wikimedia.org/wiki/?curid=54964570","https://upload.wikimedia.org/wikipedia/commons/a/ab/Ostracion_triqueter_-_1700-1880_-_Print_-_Iconographia_Zoologica_-_Special_Collections_University_of_Amsterdam_-_UBA01_IZ15400203.tif?utm_source=commons.wikimedia.org&utm_campaign=imageinfo&utm_content=original","","Public domain","","Commons item extmetadata; exact file-page review still required","PHOTOGRAPH_CANDIDATE","AQUARIUM","unknown__ostracion-triqueter-print-iconographia-zoologica-special-collections-university-of-amsterdam-uba-iz","ENHANCED_REVIEW","EXCLUDE_NON_FIELD_ARTIFACT","PENDING","PENDING","Iconographia Zoologica Rhinesomus triqueter syn. Ostracion triqueter"
"pocv2f-wc-637391-c4","4","qDlhElFdSz5UOHDkU8Pe","36","Lactophrys triqueter","Wikimedia Commons","637391","File:Lactophrys triqueter.jpg","https://commons.wikimedia.org/wiki/?curid=637391","https://upload.wikimedia.org/wikipedia/commons/d/df/Lactophrys_triqueter.jpg?utm_source=commons.wikimedia.org&utm_campaign=imageinfo&utm_content=original","","CC BY-SA 3.0","http://creativecommons.org/licenses/by-sa/3.0/","Commons item extmetadata; exact file-page review still required","PHOTOGRAPH_CANDIDATE","OTHER","unknown__lactophrys-triqueter","ENHANCED_REVIEW","EXCLUDE_LICENSE","PENDING","PENDING",""
"pocv2f-wc-71319666-c4","4","qDlhElFdSz5UOHDkU8Pe","36","Lactophrys triqueter","Wikimedia Commons","71319666","File:Smooth Trunkfish Lactophrys Triqueter (252728203).jpeg","https://commons.wikimedia.org/wiki/?curid=71319666","https://upload.wikimedia.org/wikipedia/commons/8/82/Smooth_Trunkfish_Lactophrys_Triqueter_%28252728203%29.jpeg?utm_source=commons.wikimedia.org&utm_campaign=imageinfo&utm_content=original","Kris Mikael Krister","CC BY 3.0","https://creativecommons.org/licenses/by/3.0","Commons item extmetadata; exact file-page review still required","PHOTOGRAPH_CANDIDATE","AQUARIUM","kris-mikael-krister__smooth-trunkfish-lactophrys-triqueter","ENHANCED_REVIEW","PLAUSIBLE","PENDING","PENDING","Imported from 500px ( archived version ) by the Archive Team . ( detail page ) 500px provided description: Using its large mouth, the trunkfish expel a jet of water on the seabed to reveal hidden treats like worms and small crustaceans. [#animal ,#fish ,#wildlife ,#underwater ,#diving ,#dive ,#marine ,#marine life ,#undersea ,#scuba ,#fish portrait ,#sealife ,#scuba diving ,#marinelife ,#scubadive ,#trunfish]"
"pocv2f-wc-95119255-c4","4","qDlhElFdSz5UOHDkU8Pe","36","Lactophrys triqueter","Wikimedia Commons","95119255","File:Lactophrys triqueter (smooth trunkfish) (San Salvador Island, Bahamas) 2.jpg","https://commons.wikimedia.org/wiki/?curid=95119255","https://upload.wikimedia.org/wikipedia/commons/2/2d/Lactophrys_triqueter_%28smooth_trunkfish%29_%28San_Salvador_Island%2C_Bahamas%29_2.jpg?utm_source=commons.wikimedia.org&utm_campaign=imageinfo&utm_content=original","James St. John","CC BY 2.0","https://creativecommons.org/licenses/by/2.0","Commons item extmetadata; exact file-page review still required","PHOTOGRAPH_CANDIDATE","NATURAL_UNDERWATER","james-st-john__lactophrys-triqueter-smooth-trunkfish-san-salvador-island-bahamas","ENHANCED_REVIEW","PLAUSIBLE","PENDING","PENDING","https://www.flickr.com/photos/47445767@N05/15964329148/ Lactophrys triqueter (Linnaeus, 1758) - smooth trunkfish. (photo taken by Mark Peter) Classification: Animalia, Chordata, Vertebrata, Actinopterygii, Tetraodontiformes, Ostraciidae Locality: landward of Snapshot Reef, Fernandez Bay, offshore western San Salvador Island, eastern Bahamas"
"pocv2f-wc-95119287-c4","4","qDlhElFdSz5UOHDkU8Pe","36","Lactophrys triqueter","Wikimedia Commons","95119287","File:Lactophrys triqueter (smooth trunkfish) (Grand Cayman Island, Caribbean Sea).jpg","https://commons.wikimedia.org/wiki/?curid=95119287","https://upload.wikimedia.org/wikipedia/commons/8/8d/Lactophrys_triqueter_%28smooth_trunkfish%29_%28Grand_Cayman_Island%2C_Caribbean_Sea%29.jpg?utm_source=commons.wikimedia.org&utm_campaign=imageinfo&utm_content=original","James St. John","CC BY 2.0","https://creativecommons.org/licenses/by/2.0","Commons item extmetadata; exact file-page review still required","PHOTOGRAPH_CANDIDATE","OTHER","james-st-john__lactophrys-triqueter-smooth-trunkfish-grand-cayman-island-caribbean-sea","ENHANCED_REVIEW","PLAUSIBLE","PENDING","PENDING","https://www.flickr.com/photos/47445767@N05/50373668806/ Lactophrys triqueter (Linnaeus, 1758) - smooth trunkfish in the Caymans. (photo provided by Miranda Manross) Classification: Animalia, Chordata, Vertebrata, Actinopterygii, Tetraodontiformes, Ostraciidae Locality: Grand Cayman Island, south of Cuba, northwestern Caribbean Sea See info. at: en.wikipedia.org/wiki/Smooth_trunkfish"
"pocv2f-wc-9997271-c4","4","qDlhElFdSz5UOHDkU8Pe","36","Lactophrys triqueter","Wikimedia Commons","9997271","File:Baby Lactophrys triqueter.jpg","https://commons.wikimedia.org/wiki/?curid=9997271","https://upload.wikimedia.org/wikipedia/commons/4/49/Baby_Lactophrys_triqueter.jpg?utm_source=commons.wikimedia.org&utm_campaign=imageinfo&utm_content=original","Barry Peters`","CC BY 2.0","https://creativecommons.org/licenses/by/2.0","Commons item extmetadata; exact file-page review still required","PHOTOGRAPH_CANDIDATE","OTHER","barry-peters__baby-lactophrys-triqueter","ENHANCED_REVIEW","PLAUSIBLE","PENDING","PENDING","originally posted to Flickr as Baby Trunkfish Rhinesomus triqueter"
"pocv2f-usgs-smooth-trunkfish-2010","4","qDlhElFdSz5UOHDkU8Pe","36","Lactophrys triqueter","U.S. Geological Survey","smooth-trunkfish-lactophrys-triqueter-2010","Smooth Trunkfish (Lactophrys triqueter)","https://www.usgs.gov/media/images/smooth-trunkfish-lactophrys-triqueter","","Caroline Rogers","Public domain","https://www.usgs.gov/information-policies-and-instructions/copyrights-and-credits","The individual USGS media page explicitly states Sources/Usage: Public Domain.","PHOTOGRAPH_CANDIDATE","NATURAL_UNDERWATER","usgs-caroline-rogers-smooth-trunkfish-2010","ENHANCED_REVIEW","PLAUSIBLE","PENDING","PENDING","Item-level public-domain evidence is clear; image identity and independence still require visual adjudication."
